name,typ,node,maxcap,heat_rate,mincap,var_om,no_load,st_cost,ramp,minup,mindn
ID_c_20110386,ngcc,bus_400041,727.0,5.9154896423680405,321.12,2.6796573068766927,2181.0,34896.0,353.76,1.0,3.0
ID_c_20113387,ngcc,bus_400011,727.0,5.9154896423680405,321.12,2.6796573068766927,2181.0,34896.0,353.76,1.0,3.0
ID_c_20109388,ngcc,bus_400041,233.0,8.86567494855161,102.92,6.909116131680385,699.0,11184.0,113.38,1.0,3.0
ID_c_20110389,ngcc,bus_400031,233.0,8.86567494855161,102.92,6.909116131680385,699.0,11184.0,113.38,1.0,3.0
ID_c_20110390,ngcc,bus_400031,233.0,8.86567494855161,102.92,6.909116131680385,699.0,11184.0,113.38,1.0,3.0
ID_c_20111391,ngcc,bus_400031,233.0,8.86567494855161,102.92,6.909116131680385,699.0,11184.0,113.38,1.0,3.0
ID_c_20111392,ngcc,bus_400031,233.0,8.86567494855161,102.92,6.909116131680385,699.0,11184.0,113.38,1.0,3.0
ID_c_20110393,ngcc,bus_400031,233.0,8.86567494855161,102.92,6.909116131680385,699.0,11184.0,113.38,1.0,3.0
ID_c_20107394,ngcc,bus_400041,233.0,8.86567494855161,102.92,6.909116131680385,699.0,11184.0,113.38,1.0,3.0
ID_c_20108395,ngcc,bus_400041,233.0,8.86567494855161,102.92,6.909116131680385,699.0,11184.0,113.38,1.0,3.0
ID_c_20109396,ngcc,bus_400031,233.0,8.86567494855161,102.92,6.909116131680385,699.0,11184.0,113.38,1.0,3.0
ID_c_20109397,ngcc,bus_400031,233.0,8.86567494855161,102.92,6.909116131680385,699.0,11184.0,113.38,1.0,3.0
ID_c_20112398,ngcc,bus_400031,233.0,8.86567494855161,102.92,6.909116131680385,699.0,11184.0,113.38,1.0,3.0
ID_c_20112399,ngcc,bus_400031,233.0,8.86567494855161,102.92,6.909116131680385,699.0,11184.0,113.38,1.0,3.0
ID_c_20113400,ngcc,bus_400031,233.0,8.86567494855161,102.92,6.909116131680385,699.0,11184.0,113.38,1.0,3.0
ID_c_20112401,ngcc,bus_400031,233.0,8.86567494855161,102.92,6.909116131680385,699.0,11184.0,113.38,1.0,3.0
ID_c_20111402,ngcc,bus_400031,233.0,8.86567494855161,102.92,6.909116131680385,699.0,11184.0,113.38,1.0,3.0
ID_c_20113403,ngcc,bus_400031,233.0,8.86567494855161,102.92,6.909116131680385,699.0,11184.0,113.38,1.0,3.0
ID_c_20112404,ngcc,bus_400031,233.0,8.86567494855161,102.92,6.909116131680385,699.0,11184.0,113.38,1.0,3.0
ID_c_20112405,ngcc,bus_400031,233.0,8.86567494855161,102.92,6.909116131680385,699.0,11184.0,113.38,1.0,3.0
ID_c_20113406,ngcc,bus_400031,233.0,8.86567494855161,102.92,6.909116131680385,699.0,11184.0,113.38,1.0,3.0
ID_c_20112407,ngcc,bus_400031,233.0,8.86567494855161,102.92,6.909116131680385,699.0,11184.0,113.38,1.0,3.0
ID_c_20112408,ngcc,bus_400031,233.0,8.86567494855161,102.92,6.909116131680385,699.0,11184.0,113.38,1.0,3.0
ID_c_20113409,ngcc,bus_400031,233.0,8.86567494855161,102.92,6.909116131680385,699.0,11184.0,113.38,1.0,3.0
ID_c_20978410,ngcc,bus_400501,233.0,8.86567494855161,102.92,6.909116131680385,699.0,11184.0,113.38,1.0,3.0
ID_c_20981411,ngcc,bus_400501,233.0,8.86567494855161,102.92,6.909116131680385,699.0,11184.0,113.38,1.0,3.0
ID_c_20978412,ngcc,bus_400501,233.0,8.86567494855161,102.92,6.909116131680385,699.0,11184.0,113.38,1.0,3.0
ID_c_20979413,ngcc,bus_400501,233.0,8.86567494855161,102.92,6.909116131680385,699.0,11184.0,113.38,1.0,3.0
ID_c_20981414,ngcc,bus_400501,233.0,8.86567494855161,102.92,6.909116131680385,699.0,11184.0,113.38,1.0,3.0
ID_c_20102415,ngcc,bus_400501,233.0,8.86567494855161,102.92,6.909116131680385,699.0,11184.0,113.38,1.0,3.0
ID_c_20102416,ngcc,bus_400501,233.0,8.86567494855161,102.92,6.909116131680385,699.0,11184.0,113.38,1.0,3.0
ID_c_20102417,ngcc,bus_400501,233.0,8.86567494855161,102.92,6.909116131680385,699.0,11184.0,113.38,1.0,3.0
ID_c_20103418,ngcc,bus_400501,233.0,8.86567494855161,102.92,6.909116131680385,699.0,11184.0,113.38,1.0,3.0
ID_c_20108419,ngcc,bus_400501,233.0,8.86567494855161,102.92,6.909116131680385,699.0,11184.0,113.38,1.0,3.0
ID_c_20104420,ngcc,bus_400501,233.0,8.86567494855161,102.92,6.909116131680385,699.0,11184.0,113.38,1.0,3.0
ID_c_20991421,ngcc,bus_400501,233.0,8.86567494855161,102.92,6.909116131680385,699.0,11184.0,113.38,1.0,3.0
ID_c_20103422,ngcc,bus_400501,233.0,8.86567494855161,102.92,6.909116131680385,699.0,11184.0,113.38,1.0,3.0
ID_c_20104423,ngcc,bus_400501,233.0,8.86567494855161,102.92,6.909116131680385,699.0,11184.0,113.38,1.0,3.0
ID_c_20975424,ngcc,bus_400501,233.0,8.86567494855161,102.92,6.909116131680385,699.0,11184.0,113.38,1.0,3.0
ID_c_205616251,ngcc,bus_200261,727.0,5.9154896423680405,321.12,2.6796573068766927,2181.0,34896.0,353.76,1.0,3.0
ID_c_205616252,ngcc,bus_200261,727.0,5.9154896423680405,321.12,2.6796573068766927,2181.0,34896.0,353.76,1.0,3.0
ID_c_205646253,ngcc,bus_200261,727.0,5.9154896423680405,321.12,2.6796573068766927,2181.0,34896.0,353.76,1.0,3.0
ID_c_205616254,ngcc,bus_200261,727.0,5.9154896423680405,321.12,2.6796573068766927,2181.0,34896.0,353.76,1.0,3.0
ID_c_205706255,ngcc,bus_200261,727.0,5.9154896423680405,321.12,2.6796573068766927,2181.0,34896.0,353.76,1.0,3.0
ID_c_205746256,ngcc,bus_200261,727.0,5.9154896423680405,321.12,2.6796573068766927,2181.0,34896.0,353.76,1.0,3.0
ID_c_205676257,ngcc,bus_200261,727.0,5.9154896423680405,321.12,2.6796573068766927,2181.0,34896.0,353.76,1.0,3.0
ID_c_205576258,ngcc,bus_200261,727.0,5.9154896423680405,321.12,2.6796573068766927,2181.0,34896.0,353.76,1.0,3.0
ID_c_205556259,ngcc,bus_200261,727.0,5.9154896423680405,321.12,2.6796573068766927,2181.0,34896.0,353.76,1.0,3.0
ID_c_205616260,ngcc,bus_200261,727.0,5.9154896423680405,321.12,2.6796573068766927,2181.0,34896.0,353.76,1.0,3.0
ID_c_205656261,ngcc,bus_200261,727.0,5.9154896423680405,321.12,2.6796573068766927,2181.0,34896.0,353.76,1.0,3.0
ID_c_208422079,ngcc,bus_600001,233.0,8.86567494855161,102.92,6.909116131680384,699.0,11184.0,113.38,1.0,3.0
ID_c_208392080,ngcc,bus_600001,233.0,8.86567494855161,102.92,6.909116131680384,699.0,11184.0,113.38,1.0,3.0
ID_c_208422081,ngcc,bus_600001,233.0,8.86567494855161,102.92,6.909116131680384,699.0,11184.0,113.38,1.0,3.0
ID_c_208432082,ngcc,bus_600001,233.0,8.86567494855161,102.92,6.909116131680384,699.0,11184.0,113.38,1.0,3.0
ID_c_208452083,ngcc,bus_600001,233.0,8.86567494855161,102.92,6.909116131680384,699.0,11184.0,113.38,1.0,3.0
ID_c_208392084,ngcc,bus_600001,233.0,8.86567494855161,102.92,6.909116131680384,699.0,11184.0,113.38,1.0,3.0
ID_c_208432085,ngcc,bus_600001,233.0,8.86567494855161,102.92,6.909116131680384,699.0,11184.0,113.38,1.0,3.0
ID_c_208392086,ngcc,bus_600001,233.0,8.86567494855161,102.92,6.909116131680384,699.0,11184.0,113.38,1.0,3.0
ID_c_208392087,ngcc,bus_600001,233.0,8.86567494855161,102.92,6.909116131680384,699.0,11184.0,113.38,1.0,3.0
ID_c_208472088,ngcc,bus_600001,233.0,8.86567494855161,102.92,6.909116131680384,699.0,11184.0,113.38,1.0,3.0
ID_c_208472089,ngcc,bus_600001,233.0,8.86567494855161,102.92,6.909116131680384,699.0,11184.0,113.38,1.0,3.0
ID_c_20429750,ngcc,bus_740011,727.0,5.9154896423680405,321.12,2.6796573068766927,2181.0,34896.0,353.76,1.0,3.0
ID_c_20659275,ngcc,bus_300011,727.0,5.9154896423680405,321.12,2.6796573068766927,2181.0,34896.0,353.76,1.0,3.0
ID_c_20910276,ngcc,bus_302201,727.0,5.9154896423680405,321.12,2.6796573068766927,2181.0,34896.0,353.76,1.0,3.0
ID_c_20911277,ngcc,bus_302201,727.0,5.9154896423680405,321.12,2.6796573068766927,2181.0,34896.0,353.76,1.0,3.0
ID_c_20940278,ngcc,bus_302071,727.0,5.9154896423680405,321.12,2.6796573068766927,2181.0,34896.0,353.76,1.0,3.0
ID_c_20843319,ngcc,bus_600001,727.0,5.9154896423680405,321.12,2.6796573068766927,2181.0,34896.0,353.76,1.0,3.0
ID_c_20838320,ngcc,bus_600001,727.0,5.9154896423680405,321.12,2.6796573068766927,2181.0,34896.0,353.76,1.0,3.0
ID_c_203022123,ngcc,bus_134201,727.0,5.915489642368041,321.12,2.679657306876693,2181.0,34896.0,353.76,1.0,3.0
ID_c_203032124,ngcc,bus_134201,727.0,5.915489642368041,321.12,2.679657306876693,2181.0,34896.0,353.76,1.0,3.0
ID_c_203032125,ngcc,bus_134201,727.0,5.915489642368041,321.12,2.679657306876693,2181.0,34896.0,353.76,1.0,3.0
ID_c_203032126,ngcc,bus_134201,727.0,5.915489642368041,321.12,2.679657306876693,2181.0,34896.0,353.76,1.0,3.0
ID_c_203062127,ngcc,bus_134201,727.0,5.915489642368041,321.12,2.679657306876693,2181.0,34896.0,353.76,1.0,3.0
ID_c_203582128,ngcc,bus_134201,727.0,5.915489642368041,321.12,2.679657306876693,2181.0,34896.0,353.76,1.0,3.0
ID_c_203042129,ngcc,bus_134201,727.0,5.915489642368041,321.12,2.679657306876693,2181.0,34896.0,353.76,1.0,3.0
ID_c_203642130,ngcc,bus_134201,727.0,5.915489642368041,321.12,2.679657306876693,2181.0,34896.0,353.76,1.0,3.0
ID_c_202752060,ngcc,bus_134461,727.0,5.9154896423680405,321.12,2.6796573068766927,2181.0,34896.0,353.76,1.0,3.0
ID_c_202722061,ngcc,bus_134461,727.0,5.9154896423680405,321.12,2.6796573068766927,2181.0,34896.0,353.76,1.0,3.0
ID_c_202762062,ngcc,bus_134461,727.0,5.9154896423680405,321.12,2.6796573068766927,2181.0,34896.0,353.76,1.0,3.0
ID_c_202672063,ngcc,bus_134461,727.0,5.9154896423680405,321.12,2.6796573068766927,2181.0,34896.0,353.76,1.0,3.0
ID_c_202692064,ngcc,bus_134461,727.0,5.9154896423680405,321.12,2.6796573068766927,2181.0,34896.0,353.76,1.0,3.0
ID_c_202562065,ngcc,bus_134461,727.0,5.9154896423680405,321.12,2.6796573068766927,2181.0,34896.0,353.76,1.0,3.0
ID_c_202732066,ngcc,bus_134461,727.0,5.9154896423680405,321.12,2.6796573068766927,2181.0,34896.0,353.76,1.0,3.0
ID_286_U10,geothermal,bus_204901,55.0,9.319,6.03,0.0,165.0,0.0,9.68,6.0,6.0
ID_286_U11,geothermal,bus_204901,110.0,9.319,12.07,0.0,330.0,0.0,19.36,6.0,6.0
ID_286_U12,geothermal,bus_204901,110.0,9.319,12.07,0.0,330.0,0.0,19.36,6.0,6.0
ID_286_U13,geothermal,bus_204901,138.0,9.319,15.14,0.0,414.0,0.0,24.29,6.0,6.0
ID_286_U14,geothermal,bus_204901,113.0,9.319,12.4,0.0,339.0,0.0,19.89,6.0,6.0
ID_286_U16,geothermal,bus_204901,118.0,9.319,12.94,0.0,354.0,0.0,20.77,6.0,6.0
ID_286_U17,geothermal,bus_204901,118.0,9.319,12.94,0.0,354.0,0.0,20.77,6.0,6.0
ID_286_U18,geothermal,bus_204901,118.0,9.319,12.94,0.0,354.0,0.0,20.77,6.0,6.0
ID_286_U20,geothermal,bus_204901,118.0,9.319,12.94,0.0,354.0,0.0,20.77,6.0,6.0
ID_286_U5,geothermal,bus_204901,55.0,9.319,6.03,0.0,165.0,0.0,9.68,6.0,6.0
ID_286_U6,geothermal,bus_204901,55.0,9.319,6.03,0.0,165.0,0.0,9.68,6.0,6.0
ID_286_U7,geothermal,bus_204901,55.0,9.319,6.03,0.0,165.0,0.0,9.68,6.0,6.0
ID_286_U8,geothermal,bus_204901,55.0,9.319,6.03,0.0,165.0,0.0,9.68,6.0,6.0
ID_286_U9,geothermal,bus_204901,55.0,9.319,6.03,0.0,165.0,0.0,9.68,6.0,6.0
ID_299_1,geothermal,bus_500241,30.7,9.318991,3.37,0.0,92.0,0.0,5.4,6.0,6.0
ID_299_2,geothermal,bus_500241,14.1,9.318991,1.55,0.0,42.0,0.0,2.48,6.0,6.0
ID_510_1,geothermal,bus_204901,78.0,9.319009,8.56,0.0,234.0,0.0,13.73,6.0,6.0
ID_902_1,geothermal,bus_204901,55.0,9.318956,6.03,0.0,165.0,0.0,9.68,6.0,6.0
ID_6106_1,coal,bus_135041,642.2,10.158698000000001,290.02,6.95,1927.0,82844.0,27.49,12.0,12.0
ID_7368_1,geothermal,bus_204901,55.0,9.319002000000001,6.03,0.0,165.0,0.0,9.68,6.0,6.0
ID_7368_2,geothermal,bus_204901,55.0,9.319002000000001,6.03,0.0,165.0,0.0,9.68,6.0,6.0
ID_7369_3,geothermal,bus_204901,55.0,9.319001,6.03,0.0,165.0,0.0,9.68,6.0,6.0
ID_7369_4,geothermal,bus_204901,55.0,9.319001,6.03,0.0,165.0,0.0,9.68,6.0,6.0
ID_10018_GEN2,geothermal,bus_300011,15.0,9.318982,1.65,0.0,45.0,0.0,2.64,6.0,6.0
ID_10018_OEC2,geothermal,bus_300011,11.0,9.318982,1.21,0.0,33.0,0.0,1.94,6.0,6.0
ID_10199_WFF1,geothermal,bus_204901,19.0,9.318994,2.08,0.0,57.0,0.0,3.34,6.0,6.0
ID_10199_WFF2,geothermal,bus_204901,19.0,9.318994,2.08,0.0,57.0,0.0,3.34,6.0,6.0
ID_10287_GEN1,geothermal,bus_741041,17.0,9.318963,1.86,0.0,51.0,0.0,2.99,6.0,6.0
ID_10287_GEN2,geothermal,bus_741041,3.6,9.318963,0.39,0.0,11.0,0.0,0.63,6.0,6.0
ID_10479_T101,geothermal,bus_232301,5.0,9.319013,0.55,0.0,15.0,0.0,0.88,6.0,6.0
ID_10479_T102,geothermal,bus_232301,5.0,9.319013,0.55,0.0,15.0,0.0,0.88,6.0,6.0
ID_10479_T103,geothermal,bus_232301,5.0,9.319013,0.55,0.0,15.0,0.0,0.88,6.0,6.0
ID_10480_GEN1,geothermal,bus_232301,5.0,9.319002000000001,0.55,0.0,15.0,0.0,0.88,6.0,6.0
ID_10480_GEN2,geothermal,bus_232301,5.0,9.319002000000001,0.55,0.0,15.0,0.0,0.88,6.0,6.0
ID_10481_1,geothermal,bus_232301,5.0,9.319,0.55,0.0,15.0,0.0,0.88,6.0,6.0
ID_10481_2,geothermal,bus_232301,5.0,9.319,0.55,0.0,15.0,0.0,0.88,6.0,6.0
ID_10481_3,geothermal,bus_232301,5.0,9.319,0.55,0.0,15.0,0.0,0.88,6.0,6.0
ID_10481_T101,geothermal,bus_232301,5.0,9.319,0.55,0.0,15.0,0.0,0.88,6.0,6.0
ID_10481_T102,geothermal,bus_232301,5.0,9.319,0.55,0.0,15.0,0.0,0.88,6.0,6.0
ID_10481_T103,geothermal,bus_232301,5.0,9.319,0.55,0.0,15.0,0.0,0.88,6.0,6.0
ID_10631_GEN1,geothermal,bus_286671,35.8,9.319,3.93,0.0,107.0,0.0,6.3,6.0,6.0
ID_10632_GEN1,geothermal,bus_286671,35.8,9.319002000000001,3.93,0.0,107.0,0.0,6.3,6.0,6.0
ID_10634_GEN1,geothermal,bus_286671,35.8,9.318997,3.93,0.0,107.0,0.0,6.3,6.0,6.0
ID_10759_GEN1,geothermal,bus_286671,53.9,9.318999,5.91,0.0,162.0,0.0,9.49,6.0,6.0
ID_10763_GBU,geothermal,bus_400041,8.0,9.318971,0.88,0.0,24.0,0.0,1.41,6.0,6.0
ID_10763_GEN1,geothermal,bus_400041,21.6,9.318971,2.37,0.0,65.0,0.0,3.8,6.0,6.0
ID_10873_GEN1,geothermal,bus_261161,32.2,9.319001,3.53,0.0,97.0,0.0,5.67,6.0,6.0
ID_10873_GEN2,geothermal,bus_261161,30.0,9.319001,3.29,0.0,90.0,0.0,5.28,6.0,6.0
ID_10873_GEN3,geothermal,bus_261161,30.0,9.319001,3.29,0.0,90.0,0.0,5.28,6.0,6.0
ID_10874_GEN4,geothermal,bus_261161,30.0,9.319001,3.29,0.0,90.0,0.0,5.28,6.0,6.0
ID_10874_GEN5,geothermal,bus_261161,30.0,9.319001,3.29,0.0,90.0,0.0,5.28,6.0,6.0
ID_10874_GEN6,geothermal,bus_261161,30.0,9.319001,3.29,0.0,90.0,0.0,5.28,6.0,6.0
ID_10875_GEN7,geothermal,bus_261161,30.0,9.318999,3.29,0.0,90.0,0.0,5.28,6.0,6.0
ID_10875_GEN8,geothermal,bus_261161,30.0,9.318999,3.29,0.0,90.0,0.0,5.28,6.0,6.0
ID_10875_GEN9,geothermal,bus_261161,30.0,9.318999,3.29,0.0,90.0,0.0,5.28,6.0,6.0
ID_10878_EE11,geothermal,bus_286671,10.0,9.319022,1.1,0.0,30.0,0.0,1.76,6.0,6.0
ID_10879_GEN1,geothermal,bus_286671,11.5,9.318991,1.26,0.0,34.0,0.0,2.02,6.0,6.0
ID_10879_GEN2,geothermal,bus_286671,5.0,9.318991,0.55,0.0,15.0,0.0,0.88,6.0,6.0
ID_10879_GEN3,geothermal,bus_286671,3.5,9.318991,0.38,0.0,10.0,0.0,0.62,6.0,6.0
ID_50066_UNT1,geothermal,bus_204901,88.2,9.318995999999999,9.68,0.0,265.0,0.0,15.52,6.0,6.0
ID_50066_UNT2,geothermal,bus_204901,88.2,9.318995999999999,9.68,0.0,265.0,0.0,15.52,6.0,6.0
ID_50210_GEN1,geothermal,bus_286671,30.1,9.319002000000001,3.3,0.0,90.0,0.0,5.3,6.0,6.0
ID_50210_GEN2,geothermal,bus_286671,9.5,9.319002000000001,1.04,0.0,28.0,0.0,1.67,6.0,6.0
ID_50654_GEN1,geothermal,bus_300011,14.6,9.319007,1.6,0.0,44.0,0.0,2.57,6.0,6.0
ID_50654_OEC41,geothermal,bus_300011,5.5,9.319007,0.6,0.0,16.0,0.0,0.97,6.0,6.0
ID_50762_OE11,geothermal,bus_400041,1.2,9.319025,0.13,0.0,4.0,0.0,0.21,6.0,6.0
ID_50762_OE12,geothermal,bus_400041,1.2,9.319025,0.13,0.0,4.0,0.0,0.21,6.0,6.0
ID_50762_OE14,geothermal,bus_400041,1.2,9.319025,0.13,0.0,4.0,0.0,0.21,6.0,6.0
ID_50762_OE15,geothermal,bus_400041,1.2,9.319025,0.13,0.0,4.0,0.0,0.21,6.0,6.0
ID_50762_OE21,geothermal,bus_400041,1.2,9.319025,0.13,0.0,4.0,0.0,0.21,6.0,6.0
ID_50762_OE22,geothermal,bus_400041,1.2,9.319025,0.13,0.0,4.0,0.0,0.21,6.0,6.0
ID_50762_OE24,geothermal,bus_400041,1.2,9.319025,0.13,0.0,4.0,0.0,0.21,6.0,6.0
ID_50762_OE25,geothermal,bus_400041,1.2,9.319025,0.13,0.0,4.0,0.0,0.21,6.0,6.0
ID_50763_OE11,geothermal,bus_300011,1.2,9.54,0.13,0.0,4.0,0.0,0.21,6.0,6.0
ID_50763_OE12,geothermal,bus_300011,1.2,9.54,0.13,0.0,4.0,0.0,0.21,6.0,6.0
ID_50763_OE13,geothermal,bus_300011,1.2,9.54,0.13,0.0,4.0,0.0,0.21,6.0,6.0
ID_50763_OE14,geothermal,bus_300011,1.2,9.54,0.13,0.0,4.0,0.0,0.21,6.0,6.0
ID_50763_OE21,geothermal,bus_300011,1.2,9.54,0.13,0.0,4.0,0.0,0.21,6.0,6.0
ID_50763_OE22,geothermal,bus_300011,1.2,9.54,0.13,0.0,4.0,0.0,0.21,6.0,6.0
ID_50763_OE23,geothermal,bus_300011,1.2,9.54,0.13,0.0,4.0,0.0,0.21,6.0,6.0
ID_50765_11,geothermal,bus_300011,11.8,9.31899,1.29,0.0,35.0,0.0,2.08,6.0,6.0
ID_50765_12,geothermal,bus_300011,11.8,9.31899,1.29,0.0,35.0,0.0,2.08,6.0,6.0
ID_50765_21,geothermal,bus_300011,11.8,9.31899,1.29,0.0,35.0,0.0,2.08,6.0,6.0
ID_50765_22,geothermal,bus_300011,11.8,9.31899,1.29,0.0,35.0,0.0,2.08,6.0,6.0
ID_50766_ITLU1,geothermal,bus_400041,12.0,9.31899,1.32,0.0,36.0,0.0,2.11,6.0,6.0
ID_50766_ITLU2,geothermal,bus_400041,12.0,9.31899,1.32,0.0,36.0,0.0,2.11,6.0,6.0
ID_50766_OE31,geothermal,bus_400041,1.2,9.31899,0.13,0.0,4.0,0.0,0.21,6.0,6.0
ID_50766_OE32,geothermal,bus_400041,1.2,9.31899,0.13,0.0,4.0,0.0,0.21,6.0,6.0
ID_50964_IND,geothermal,bus_300011,1.5,9.54,0.16,0.0,4.0,0.0,0.26,6.0,6.0
ID_50964_SYN,geothermal,bus_300011,1.5,9.54,0.16,0.0,4.0,0.0,0.26,6.0,6.0
ID_52015_GEN1,geothermal,bus_300011,60.5,9.318995000000001,6.64,0.0,182.0,0.0,10.65,6.0,6.0
ID_52138_DE31,geothermal,bus_300011,1.2,9.54,0.13,0.0,4.0,0.0,0.21,6.0,6.0
ID_52138_DE32,geothermal,bus_300011,1.2,9.54,0.13,0.0,4.0,0.0,0.21,6.0,6.0
ID_52158_GEN1,geothermal,bus_204901,12.5,9.319004999999999,1.37,0.0,38.0,0.0,2.2,6.0,6.0
ID_52158_GEN2,geothermal,bus_204901,12.5,9.319004999999999,1.37,0.0,38.0,0.0,2.2,6.0,6.0
ID_52174_OE11,geothermal,bus_300011,1.2,9.318980999999999,0.13,0.0,4.0,0.0,0.21,6.0,6.0
ID_52174_OE12,geothermal,bus_300011,1.2,9.318980999999999,0.13,0.0,4.0,0.0,0.21,6.0,6.0
ID_52174_OE13,geothermal,bus_300011,1.2,9.318980999999999,0.13,0.0,4.0,0.0,0.21,6.0,6.0
ID_52174_OE21,geothermal,bus_300011,1.5,9.318980999999999,0.16,0.0,4.0,0.0,0.26,6.0,6.0
ID_52174_OEC1,geothermal,bus_300011,3.5,9.318980999999999,0.38,0.0,10.0,0.0,0.62,6.0,6.0
ID_52174_OEC2,geothermal,bus_300011,3.5,9.318980999999999,0.38,0.0,10.0,0.0,0.62,6.0,6.0
ID_52174_OEC3,geothermal,bus_300011,3.5,9.318980999999999,0.38,0.0,10.0,0.0,0.62,6.0,6.0
ID_52174_OEC4,geothermal,bus_300011,3.5,9.318980999999999,0.38,0.0,10.0,0.0,0.62,6.0,6.0
ID_52174_OEC5,geothermal,bus_300011,3.5,9.318980999999999,0.38,0.0,10.0,0.0,0.62,6.0,6.0
ID_52174_OEC6,geothermal,bus_300011,3.5,9.318980999999999,0.38,0.0,10.0,0.0,0.62,6.0,6.0
ID_54038_GEN1,geothermal,bus_400041,21.6,9.319007,2.37,0.0,65.0,0.0,3.8,6.0,6.0
ID_54111_GE10,geothermal,bus_400011,4.5,9.318995999999999,0.49,0.0,14.0,0.0,0.79,6.0,6.0
ID_54111_GE11,geothermal,bus_400011,4.5,9.318995999999999,0.49,0.0,14.0,0.0,0.79,6.0,6.0
ID_54111_GE12,geothermal,bus_400011,4.5,9.318995999999999,0.49,0.0,14.0,0.0,0.79,6.0,6.0
ID_54111_GE13,geothermal,bus_400011,16.0,9.318995999999999,1.76,0.0,48.0,0.0,2.82,6.0,6.0
ID_54111_GEN1,geothermal,bus_400011,3.5,9.318995999999999,0.38,0.0,10.0,0.0,0.62,6.0,6.0
ID_54111_GEN14,geothermal,bus_400011,16.0,9.318995999999999,1.76,0.0,48.0,0.0,2.82,6.0,6.0
ID_54111_GEN2,geothermal,bus_400011,3.5,9.318995999999999,0.38,0.0,10.0,0.0,0.62,6.0,6.0
ID_54111_GEN3,geothermal,bus_400011,3.5,9.318995999999999,0.38,0.0,10.0,0.0,0.62,6.0,6.0
ID_54111_GEN4,geothermal,bus_400011,3.5,9.318995999999999,0.38,0.0,10.0,0.0,0.62,6.0,6.0
ID_54111_GEN5,geothermal,bus_400011,3.5,9.318995999999999,0.38,0.0,10.0,0.0,0.62,6.0,6.0
ID_54111_GEN6,geothermal,bus_400011,3.5,9.318995999999999,0.38,0.0,10.0,0.0,0.62,6.0,6.0
ID_54111_GEN7,geothermal,bus_400011,4.5,9.318995999999999,0.49,0.0,14.0,0.0,0.79,6.0,6.0
ID_54111_GEN8,geothermal,bus_400011,4.5,9.318995999999999,0.49,0.0,14.0,0.0,0.79,6.0,6.0
ID_54111_GEN9,geothermal,bus_400011,4.5,9.318995999999999,0.49,0.0,14.0,0.0,0.79,6.0,6.0
ID_54665_T201,geothermal,bus_300011,9.1,9.319004000000001,1.0,0.0,27.0,0.0,1.6,6.0,6.0
ID_54665_T202,geothermal,bus_300011,9.1,9.319004000000001,1.0,0.0,27.0,0.0,1.6,6.0,6.0
ID_54666_T301,geothermal,bus_300011,9.1,9.319007,1.0,0.0,27.0,0.0,1.6,6.0,6.0
ID_54666_T302,geothermal,bus_300011,9.1,9.319007,1.0,0.0,27.0,0.0,1.6,6.0,6.0
ID_54689_1,geothermal,bus_400011,52.0,9.318959000000001,5.7,0.0,156.0,0.0,9.15,6.0,6.0
ID_54689_2,geothermal,bus_400011,7.0,9.318959000000001,0.77,0.0,21.0,0.0,1.23,6.0,6.0
ID_54689_3,geothermal,bus_400011,3.5,9.318959000000001,0.38,0.0,10.0,0.0,0.62,6.0,6.0
ID_54724_OEC21,geothermal,bus_400041,12.0,9.319017,1.32,0.0,36.0,0.0,2.11,6.0,6.0
ID_54724_OEC22,geothermal,bus_400041,12.0,9.319017,1.32,0.0,36.0,0.0,2.11,6.0,6.0
ID_54996_4100,geothermal,bus_286671,47.5,9.319,5.21,0.0,142.0,0.0,8.36,6.0,6.0
ID_55983_TG51,geothermal,bus_286671,58.3,9.319003,6.4,0.0,175.0,0.0,10.26,6.0,6.0
ID_55984_TG21,geothermal,bus_400041,11.5,9.318988,1.26,0.0,34.0,0.0,2.02,6.0,6.0
ID_55988_1,geothermal,bus_300011,0.6,9.318902,0.07,0.0,2.0,0.0,0.11,6.0,6.0
ID_55988_2,geothermal,bus_300011,0.8,9.318902,0.09,0.0,2.0,0.0,0.14,6.0,6.0
ID_55988_3,geothermal,bus_300011,0.8,9.318902,0.09,0.0,2.0,0.0,0.14,6.0,6.0
ID_55988_4,geothermal,bus_300011,0.8,9.318902,0.09,0.0,2.0,0.0,0.14,6.0,6.0
ID_55988_5,geothermal,bus_300011,0.8,9.318902,0.09,0.0,2.0,0.0,0.14,6.0,6.0
ID_55988_6,geothermal,bus_300011,0.8,9.318902,0.09,0.0,2.0,0.0,0.14,6.0,6.0
ID_55988_7,geothermal,bus_300011,0.8,9.318902,0.09,0.0,2.0,0.0,0.14,6.0,6.0
ID_55991_OEC,geothermal,bus_300011,6.5,9.318967,0.71,0.0,20.0,0.0,1.14,6.0,6.0
ID_55991_TG1,geothermal,bus_300011,9.2,9.318967,1.01,0.0,28.0,0.0,1.62,6.0,6.0
ID_55991_TG2,geothermal,bus_300011,9.2,9.318967,1.01,0.0,28.0,0.0,1.62,6.0,6.0
ID_55991_TG3,geothermal,bus_300011,8.0,9.318967,0.88,0.0,24.0,0.0,1.41,6.0,6.0
ID_56317_1,geothermal,bus_500071,18.0,9.318980999999999,1.97,0.0,54.0,0.0,3.17,6.0,6.0
ID_56321_1,geothermal,bus_300011,15.0,9.319001,1.65,0.0,45.0,0.0,2.64,6.0,6.0
ID_56321_OEC2,geothermal,bus_300011,15.0,9.319001,1.65,0.0,45.0,0.0,2.64,6.0,6.0
ID_56540_GEN1,geothermal,bus_300011,13.5,9.319014,1.48,0.0,40.0,0.0,2.38,6.0,6.0
ID_56541_GEN1,geothermal,bus_300011,15.0,9.318995000000001,1.65,0.0,45.0,0.0,2.64,6.0,6.0
ID_56541_GEN2,geothermal,bus_300011,15.0,9.318995000000001,1.65,0.0,45.0,0.0,2.64,6.0,6.0
ID_56832_GE1,geothermal,bus_400041,16.0,9.319,1.76,0.0,48.0,0.0,2.82,6.0,6.0
ID_56832_GE2,geothermal,bus_400041,16.0,9.319,1.76,0.0,48.0,0.0,2.82,6.0,6.0
ID_56832_GE3,geothermal,bus_400041,16.0,9.319,1.76,0.0,48.0,0.0,2.82,6.0,6.0
ID_56832_GE4,geothermal,bus_400041,16.0,9.319,1.76,0.0,48.0,0.0,2.82,6.0,6.0
ID_56982_BM1,geothermal,bus_741041,21.3,9.318991,2.34,0.0,64.0,0.0,3.75,6.0,6.0
ID_56982_BM2,geothermal,bus_741041,21.3,9.318991,2.34,0.0,64.0,0.0,3.75,6.0,6.0
ID_56982_BM3,geothermal,bus_741041,21.3,9.318991,2.34,0.0,64.0,0.0,3.75,6.0,6.0
ID_57213_101,geothermal,bus_300011,11.8,9.319009,1.29,0.0,35.0,0.0,2.08,6.0,6.0
ID_57213_201,geothermal,bus_300011,11.8,9.319009,1.29,0.0,35.0,0.0,2.08,6.0,6.0
ID_57353_2,geothermal,bus_500241,14.0,9.31897,1.54,0.0,42.0,0.0,2.46,6.0,6.0
ID_57376_OEC1,geothermal,bus_741041,16.0,9.319003,1.76,0.0,48.0,0.0,2.82,6.0,6.0
ID_57376_OEC2,geothermal,bus_741041,7.5,9.319003,0.82,0.0,22.0,0.0,1.32,6.0,6.0
ID_57446_1,geothermal,bus_741041,20.0,9.319,2.19,0.0,60.0,0.0,3.52,6.0,6.0
ID_57446_2,geothermal,bus_741041,20.0,9.319,2.19,0.0,60.0,0.0,3.52,6.0,6.0
ID_57446_3,geothermal,bus_741041,12.0,9.319,1.32,0.0,36.0,0.0,2.11,6.0,6.0
ID_57446_OEC21,geothermal,bus_741041,18.0,9.319,1.97,0.0,54.0,0.0,3.17,6.0,6.0
ID_57446_OEC22,geothermal,bus_741041,18.0,9.319,1.97,0.0,54.0,0.0,3.17,6.0,6.0
ID_57446_OEC23,geothermal,bus_741041,12.0,9.319,1.32,0.0,36.0,0.0,2.11,6.0,6.0
ID_57451_G9200,geothermal,bus_741041,12.0,9.319013,1.32,0.0,36.0,0.0,2.11,6.0,6.0
ID_57451_G9250,geothermal,bus_741041,12.0,9.319013,1.32,0.0,36.0,0.0,2.11,6.0,6.0
ID_57456_SEU1,geothermal,bus_300011,11.8,9.31898,1.29,0.0,35.0,0.0,2.08,6.0,6.0
ID_57475_HRP1,geothermal,bus_286671,55.0,9.319,6.03,0.0,165.0,0.0,9.68,6.0,6.0
ID_58022_NHS1,geothermal,bus_740011,11.0,9.319011,1.21,0.0,33.0,0.0,1.94,6.0,6.0
ID_58022_NHS2,geothermal,bus_740011,11.0,9.319011,1.21,0.0,33.0,0.0,1.94,6.0,6.0
ID_58022_NHS3,geothermal,bus_740011,11.0,9.319011,1.21,0.0,33.0,0.0,1.94,6.0,6.0
ID_58319_1,geothermal,bus_300011,16.0,9.318997999999999,1.76,0.0,48.0,0.0,2.82,6.0,6.0
ID_58319_3,geothermal,bus_300011,16.0,9.318997999999999,1.76,0.0,48.0,0.0,2.82,6.0,6.0
ID_58319_5,geothermal,bus_300011,16.0,9.318997999999999,1.76,0.0,48.0,0.0,2.82,6.0,6.0
ID_58533_1,geothermal,bus_300011,22.5,9.319,2.47,0.0,68.0,0.0,3.96,6.0,6.0
ID_58570_1G1A,geothermal,bus_500241,12.5,9.319003,1.37,0.0,38.0,0.0,2.2,6.0,6.0
ID_58570_2GIA,geothermal,bus_500241,12.5,9.319003,1.37,0.0,38.0,0.0,2.2,6.0,6.0
ID_58629_PB01,geothermal,bus_408811,1.0,9.319173000000001,0.11,0.0,3.0,0.0,0.18,6.0,6.0
ID_58629_PB02,geothermal,bus_408811,1.0,9.319173000000001,0.11,0.0,3.0,0.0,0.18,6.0,6.0
ID_58629_PB03,geothermal,bus_408811,1.0,9.319173000000001,0.11,0.0,3.0,0.0,0.18,6.0,6.0
ID_58629_PB04,geothermal,bus_408811,1.0,9.319173000000001,0.11,0.0,3.0,0.0,0.18,6.0,6.0
ID_59382_SVEP1,geothermal,bus_133661,3.7,9.319298,0.41,0.0,11.0,0.0,0.65,6.0,6.0
ID_60419_DAC2G,geothermal,bus_300011,25.0,9.318999,2.74,0.0,75.0,0.0,4.4,6.0,6.0
ID_56358_1,biomass,bus_408811,3.0,13.5,1.03,5.41,9.0,36.0,2.8,7.0,7.0
ID_56616_G3,biomass,bus_405951,27.2,18.505387,9.32,5.41,82.0,326.0,25.37,7.0,7.0
ID_57829_GLEN2,biomass,bus_401691,1.4,12.566415999999998,0.48,5.41,4.0,17.0,1.31,7.0,7.0
ID_57403_GEN1,biomass,bus_401601,1.6,10.778893,0.55,5.41,5.0,19.0,1.49,7.0,7.0
ID_57403_GEN2,biomass,bus_401601,1.6,10.778893,0.55,5.41,5.0,19.0,1.49,7.0,7.0
ID_160_ST2,coal,bus_403911,204.0,10.740021,92.13,6.95,612.0,26316.0,8.73,12.0,12.0
ID_160_ST3,coal,bus_403911,204.0,10.740021,92.13,6.95,612.0,26316.0,8.73,12.0,12.0
ID_6177_CO1,coal,bus_408811,410.9,10.699701,185.56,6.95,1233.0,53006.0,17.59,12.0,12.0
ID_113_3,coal,bus_405951,312.3,10.777593999999999,141.03,6.95,937.0,40287.0,13.37,12.0,12.0
ID_6177_CO2,coal,bus_408811,410.9,10.699701,185.56,6.95,1233.0,53006.0,17.59,12.0,12.0
ID_113_4,coal,bus_405951,414.0,10.777593999999999,186.96,6.95,1242.0,53406.0,17.72,12.0,12.0
ID_8223_1,coal,bus_408811,424.8,10.389191,191.84,6.95,1274.0,54799.0,18.18,12.0,12.0
ID_8223_2,coal,bus_408811,424.8,10.389191,191.84,6.95,1274.0,54799.0,18.18,12.0,12.0
ID_8223_3,coal,bus_408811,458.1,10.389191,206.88,6.95,1374.0,59095.0,19.61,12.0,12.0
ID_8223_4,coal,bus_408811,458.1,10.389191,206.88,6.95,1374.0,59095.0,19.61,12.0,12.0
ID_113_1,coal,bus_405951,113.6,10.777593999999999,51.3,6.95,341.0,14654.0,4.86,12.0,12.0
ID_126_4,coal,bus_403691,173.3,10.54199,78.26,6.95,520.0,22356.0,7.42,12.0,12.0
ID_117_C41,ngcc,bus_401691,91.0,12.919516,40.19,3.42,273.0,4368.0,44.28,1.0,3.0
ID_55129_CTG1,ngcc,bus_403691,187.0,6.5,82.6,3.42,561.0,8976.0,90.99,1.0,3.0
ID_55129_CTG2,ngcc,bus_403691,187.0,6.5,82.6,3.42,561.0,8976.0,90.99,1.0,3.0
ID_55129_STG,ngcc,bus_403691,272.1,6.5,120.19,3.42,816.0,13061.0,132.4,1.0,3.0
ID_55177_A,ngcc,bus_400061,236.0,6.5,104.24,3.42,708.0,11328.0,114.84,1.0,3.0
ID_55177_B,ngcc,bus_400061,236.0,6.5,104.24,3.42,708.0,11328.0,114.84,1.0,3.0
ID_55177_ST1,ngcc,bus_400061,236.0,6.5,104.24,3.42,708.0,11328.0,114.84,1.0,3.0
ID_147_KY7,ngcc,bus_403671,170.0,6.5,75.09,3.42,510.0,8160.0,82.72,1.0,3.0
ID_147_KY7A,ngcc,bus_403671,122.0,6.5,53.89,3.42,366.0,5856.0,59.37,1.0,3.0
ID_55124_CTG1,ngcc,bus_400081,176.0,6.565865,77.74,3.42,528.0,8448.0,85.64,1.0,3.0
ID_55124_CTG2,ngcc,bus_400081,176.6,6.565865,78.0,3.42,530.0,8477.0,85.93,1.0,3.0
ID_55124_STG,ngcc,bus_400081,301.8,6.565865,133.31,3.42,905.0,14486.0,146.86,1.0,3.0
ID_55282_CTG1,ngcc,bus_409941,198.0,6.5,87.46,3.42,594.0,9504.0,96.35,1.0,3.0
ID_55282_CTG2,ngcc,bus_409941,198.0,6.5,87.46,3.42,594.0,9504.0,96.35,1.0,3.0
ID_55282_STG1,ngcc,bus_409941,317.0,6.5,140.02,3.42,951.0,15216.0,154.25,1.0,3.0
ID_55455_CT1A,ngcc,bus_409941,187.5,6.5,82.82,3.42,562.0,9000.0,91.24,1.0,3.0
ID_55455_CT1B,ngcc,bus_409941,181.6,6.5,80.21,3.42,545.0,8717.0,88.37,1.0,3.0
ID_55455_CT2A,ngcc,bus_409941,181.6,6.5,80.21,3.42,545.0,8717.0,88.37,1.0,3.0
ID_55455_CT2B,ngcc,bus_409941,181.6,6.5,80.21,3.42,545.0,8717.0,88.37,1.0,3.0
ID_55455_ST1,ngcc,bus_409941,204.0,6.5,90.11,3.42,612.0,9792.0,99.27,1.0,3.0
ID_55455_ST2,ngcc,bus_409941,204.0,6.5,90.11,3.42,612.0,9792.0,99.27,1.0,3.0
ID_117_C51,ngcc,bus_401691,184.5,12.919516,81.49,3.42,554.0,8856.0,89.78,1.0,3.0
ID_117_C52,ngcc,bus_401691,184.5,12.919516,81.49,3.42,554.0,8856.0,89.78,1.0,3.0
ID_117_C53,ngcc,bus_401691,200.6,12.919516,88.61,3.42,602.0,9629.0,97.61,1.0,3.0
ID_55306_CTG7,ngcc,bus_409611,174.0,6.5,76.86,3.42,522.0,8352.0,84.67,1.0,3.0
ID_55306_CTG8,ngcc,bus_409611,174.0,6.5,76.86,3.42,522.0,8352.0,84.67,1.0,3.0
ID_55306_ST12,ngcc,bus_409611,271.0,6.5,119.7,3.42,813.0,13008.0,131.87,1.0,3.0
ID_55481_GT3,ngcc,bus_409941,185.3,6.647698,81.85,3.42,556.0,8894.0,90.17,1.0,3.0
ID_55481_GT4,ngcc,bus_409941,185.3,6.647698,81.85,3.42,556.0,8894.0,90.17,1.0,3.0
ID_55481_ST2,ngcc,bus_409941,321.0,6.647698,141.79,3.42,963.0,15408.0,156.2,1.0,3.0
ID_58557_GT1,ngcc,bus_409941,185.3,6.842819,81.85,3.42,556.0,8894.0,90.17,1.0,3.0
ID_58557_GT2,ngcc,bus_409941,185.3,6.842819,81.85,3.42,556.0,8894.0,90.17,1.0,3.0
ID_58557_ST1,ngcc,bus_409941,321.0,6.842819,141.79,3.42,963.0,15408.0,156.2,1.0,3.0
ID_59338_CTG1,ngcc,bus_409611,174.0,6.5,76.86,3.42,522.0,8352.0,84.67,1.0,3.0
ID_59338_CTG2,ngcc,bus_409611,174.0,6.5,76.86,3.42,522.0,8352.0,84.67,1.0,3.0
ID_59338_CTG3,ngcc,bus_409611,174.0,6.5,76.86,3.42,522.0,8352.0,84.67,1.0,3.0
ID_59338_CTG4,ngcc,bus_409611,174.0,6.5,76.86,3.42,522.0,8352.0,84.67,1.0,3.0
ID_59338_ST10,ngcc,bus_409611,271.0,6.5,119.7,3.42,813.0,13008.0,131.87,1.0,3.0
ID_59338_ST9,ngcc,bus_409611,271.0,6.5,119.7,3.42,813.0,13008.0,131.87,1.0,3.0
ID_59784_CTG5,ngcc,bus_409611,174.0,6.5,76.86,3.42,522.0,8352.0,84.67,1.0,3.0
ID_59784_CTG6,ngcc,bus_409611,174.0,6.5,76.86,3.42,522.0,8352.0,84.67,1.0,3.0
ID_59784_ST11,ngcc,bus_409611,271.0,6.5,119.7,3.42,813.0,13008.0,131.87,1.0,3.0
ID_55372_CTG1,ngcc,bus_409941,281.7,6.5,124.43,3.42,845.0,13522.0,137.08,1.0,3.0
ID_55372_CTG2,ngcc,bus_409941,281.7,6.5,124.43,3.42,845.0,13522.0,137.08,1.0,3.0
ID_55372_CTG3,ngcc,bus_409941,281.7,6.5,124.43,3.42,845.0,13522.0,137.08,1.0,3.0
ID_55372_STG1,ngcc,bus_409941,160.0,6.5,70.67,3.42,480.0,7680.0,77.86,1.0,3.0
ID_55372_STG2,ngcc,bus_409941,160.0,6.5,70.67,3.42,480.0,7680.0,77.86,1.0,3.0
ID_55372_STG3,ngcc,bus_409941,160.0,6.5,70.67,3.42,480.0,7680.0,77.86,1.0,3.0
ID_8068_ST5A,ngcc,bus_403671,153.8,7.530295,67.93,3.42,461.0,7382.0,74.84,1.0,3.0
ID_8068_ST5B,ngcc,bus_403671,153.8,7.530295,67.93,3.42,461.0,7382.0,74.84,1.0,3.0
ID_8068_ST5S,ngcc,bus_403671,314.5,7.530295,138.91,3.42,944.0,15096.0,153.04,1.0,3.0
ID_8068_ST6A,ngcc,bus_403671,153.8,7.530295,67.93,3.42,461.0,7382.0,74.84,1.0,3.0
ID_8068_ST6S,ngcc,bus_403671,136.1,7.530295,60.12,3.42,408.0,6533.0,66.23,1.0,3.0
ID_141_AF5,ngcc,bus_401691,71.2,13.283107,31.45,3.42,214.0,3418.0,34.65,1.0,3.0
ID_141_AF6,ngcc,bus_401691,71.2,13.283107,31.45,3.42,214.0,3418.0,34.65,1.0,3.0
ID_141_AF4,ngcc,bus_401691,80.5,13.283107,35.56,3.42,242.0,3864.0,39.17,1.0,3.0
ID_160_GT3,ngcc,bus_403911,78.7,12.126109,34.76,3.42,236.0,3778.0,38.3,1.0,3.0
ID_6515_GT3,ngcc,bus_403691,18.0,16.124195,7.95,3.42,54.0,864.0,8.76,1.0,3.0
ID_54594_G4,ngcc,bus_403911,1.6,18.833766,0.71,3.42,5.0,77.0,0.78,1.0,3.0
ID_124_GT2,ngcc,bus_403691,85.0,14.913193999999999,37.54,3.42,255.0,4080.0,41.36,1.0,3.0
ID_6088_4,ngcc,bus_403691,26.8,22.754959,11.84,3.42,80.0,1286.0,13.04,1.0,3.0
ID_118_GE1,ngcc,bus_403691,78.3,15.689649,34.59,3.42,235.0,3758.0,38.1,1.0,3.0
ID_160_GT4,ngcc,bus_403911,60.5,12.126109,26.72,3.42,182.0,2904.0,29.44,1.0,3.0
ID_55522_CT1,ngcc,bus_403691,60.5,10.927793,26.72,3.42,182.0,2904.0,29.44,1.0,3.0
ID_55522_CT10,ngcc,bus_403691,60.5,10.927793,26.72,3.42,182.0,2904.0,29.44,1.0,3.0
ID_55522_CT2,ngcc,bus_403691,60.5,10.927793,26.72,3.42,182.0,2904.0,29.44,1.0,3.0
ID_55522_CT3,ngcc,bus_403691,60.5,10.927793,26.72,3.42,182.0,2904.0,29.44,1.0,3.0
ID_55522_CT4,ngcc,bus_403691,60.5,10.927793,26.72,3.42,182.0,2904.0,29.44,1.0,3.0
ID_55522_CT5,ngcc,bus_403691,60.5,10.927793,26.72,3.42,182.0,2904.0,29.44,1.0,3.0
ID_55522_CT6,ngcc,bus_403691,60.5,10.927793,26.72,3.42,182.0,2904.0,29.44,1.0,3.0
ID_55522_CT7,ngcc,bus_403691,60.5,10.927793,26.72,3.42,182.0,2904.0,29.44,1.0,3.0
ID_55522_CT8,ngcc,bus_403691,60.5,10.927793,26.72,3.42,182.0,2904.0,29.44,1.0,3.0
ID_55522_CT9,ngcc,bus_403691,60.5,10.927793,26.72,3.42,182.0,2904.0,29.44,1.0,3.0
ID_6515_GT4,ngcc,bus_403691,54.0,16.124195,23.85,3.42,162.0,2592.0,26.28,1.0,3.0
ID_120_GT5,ngcc,bus_400041,60.5,11.979685,26.72,3.42,182.0,2904.0,29.44,1.0,3.0
ID_120_GT6,ngcc,bus_400041,60.5,11.979685,26.72,3.42,182.0,2904.0,29.44,1.0,3.0
ID_56482_1,ngcc,bus_400081,60.5,9.850155,26.72,3.42,182.0,2904.0,29.44,1.0,3.0
ID_56482_2,ngcc,bus_400081,60.5,9.850155,26.72,3.42,182.0,2904.0,29.44,1.0,3.0
ID_56948_1,ngcc,bus_403691,60.5,10.159803,26.72,3.42,182.0,2904.0,29.44,1.0,3.0
ID_56948_10,ngcc,bus_403691,60.5,10.159803,26.72,3.42,182.0,2904.0,29.44,1.0,3.0
ID_56948_11,ngcc,bus_403691,60.5,10.159803,26.72,3.42,182.0,2904.0,29.44,1.0,3.0
ID_56948_12,ngcc,bus_403691,60.5,10.159803,26.72,3.42,182.0,2904.0,29.44,1.0,3.0
ID_56948_2,ngcc,bus_403691,60.5,10.159803,26.72,3.42,182.0,2904.0,29.44,1.0,3.0
ID_56948_3,ngcc,bus_403691,60.5,10.159803,26.72,3.42,182.0,2904.0,29.44,1.0,3.0
ID_56948_4,ngcc,bus_403691,60.5,10.159803,26.72,3.42,182.0,2904.0,29.44,1.0,3.0
ID_56948_5,ngcc,bus_403691,60.5,10.159803,26.72,3.42,182.0,2904.0,29.44,1.0,3.0
ID_56948_6,ngcc,bus_403691,60.5,10.159803,26.72,3.42,182.0,2904.0,29.44,1.0,3.0
ID_56948_7,ngcc,bus_403691,60.5,10.159803,26.72,3.42,182.0,2904.0,29.44,1.0,3.0
ID_56948_8,ngcc,bus_403691,60.5,10.159803,26.72,3.42,182.0,2904.0,29.44,1.0,3.0
ID_56948_9,ngcc,bus_403691,60.5,10.159803,26.72,3.42,182.0,2904.0,29.44,1.0,3.0
ID_141_AF2,ngcc,bus_401691,113.6,13.283107,50.18,3.42,341.0,5453.0,55.28,1.0,3.0
ID_126_ST1,ngcc,bus_403691,108.8,12.05076,48.06,3.42,326.0,5222.0,52.94,1.0,3.0
ID_141_AF1,ngcc,bus_401691,113.6,13.283107,50.18,3.42,341.0,5453.0,55.28,1.0,3.0
ID_120_ST1,ngcc,bus_400041,86.7,11.979685,38.3,3.42,260.0,4162.0,42.19,1.0,3.0
ID_116_1,ngcc,bus_402811,113.6,21.526106,50.18,3.42,341.0,5453.0,55.28,1.0,3.0
ID_116_2,ngcc,bus_402811,113.6,21.526106,50.18,3.42,341.0,5453.0,55.28,1.0,3.0
ID_126_ST2,ngcc,bus_403691,108.8,12.05076,48.06,3.42,326.0,5222.0,52.94,1.0,3.0
ID_141_AF3,ngcc,bus_401691,163.2,13.283107,72.09,3.42,490.0,7834.0,79.41,1.0,3.0
ID_126_ST3,ngcc,bus_403691,113.6,12.05076,50.18,3.42,341.0,5453.0,55.28,1.0,3.0
ID_160_ST1,ngcc,bus_403911,81.6,12.126109,36.04,3.42,245.0,3917.0,39.71,1.0,3.0
ID_120_GT4,oil,bus_400041,72.4,13.039143,25.43,3.42,217.0,2172.0,44.92,1.0,1.0
ID_120_GT21,oil,bus_400041,25.3,13.039143,8.89,3.42,76.0,759.0,15.7,1.0,1.0
ID_50571_GEN1,biomass,bus_216471,3.0,40.5,1.03,5.41,9.0,36.0,2.8,7.0,7.0
ID_10288_IS27,biomass,bus_133661,9.3,13.5,3.19,5.41,28.0,112.0,8.67,7.0,7.0
ID_10648_GEN2,biomass,bus_281221,1.8,13.5,0.62,5.41,5.0,22.0,1.68,7.0,7.0
ID_10648_GEN3,biomass,bus_281221,1.8,13.5,0.62,5.41,5.0,22.0,1.68,7.0,7.0
ID_10764_GEN1,biomass,bus_200001,13.8,20.078343,4.73,5.41,41.0,166.0,12.87,7.0,7.0
ID_50831_GEN1,biomass,bus_211651,1.0,16.034415,0.34,5.41,3.0,12.0,0.93,7.0,7.0
ID_50831_GEN3,biomass,bus_211651,1.0,16.034415,0.34,5.41,3.0,12.0,0.93,7.0,7.0
ID_54219_GEN1,biomass,bus_133661,11.4,13.5,3.91,5.41,34.0,137.0,10.63,7.0,7.0
ID_54468_GEN1,biomass,bus_300011,11.4,13.5,3.91,5.41,34.0,137.0,10.63,7.0,7.0
ID_54469_GEN1,biomass,bus_201361,9.0,13.5,3.08,5.41,27.0,108.0,8.39,7.0,7.0
ID_54469_GEN2,biomass,bus_201361,9.0,13.5,3.08,5.41,27.0,108.0,8.39,7.0,7.0
ID_56036_GEN1,biomass,bus_211651,2.2,12.589786,0.75,5.41,7.0,26.0,2.05,7.0,7.0
ID_56036_GEN2,biomass,bus_211651,2.2,12.589786,0.75,5.41,7.0,26.0,2.05,7.0,7.0
ID_56036_GEN3,biomass,bus_211651,2.2,12.589786,0.75,5.41,7.0,26.0,2.05,7.0,7.0
ID_60100_G1,biomass,bus_232301,11.5,18.028775000000003,3.94,5.41,34.0,138.0,10.72,7.0,7.0
ID_10052_GEN1,biomass,bus_200001,18.8,16.510343000000002,6.44,5.41,56.0,226.0,17.53,7.0,7.0
ID_10091_GEN1,biomass,bus_253751,9.9,9.0,3.39,5.41,30.0,119.0,9.23,7.0,7.0
ID_10091_GEN4,biomass,bus_253751,8.7,9.0,2.98,5.41,26.0,104.0,8.11,7.0,7.0
ID_10472_GEN1,biomass,bus_255951,50.0,11.339015999999999,17.14,5.41,150.0,600.0,46.63,7.0,7.0
ID_50560_GEN1,biomass,bus_230541,25.0,15.57105,8.57,5.41,75.0,300.0,23.32,7.0,7.0
ID_52204_OTA1,biomass,bus_285491,1.8,13.712778,0.62,5.41,5.0,22.0,1.68,7.0,7.0
ID_54327_TOY4,biomass,bus_252891,1.8,18.956197,0.62,5.41,5.0,22.0,1.68,7.0,7.0
ID_54327_TOY5,biomass,bus_252891,1.8,18.956197,0.62,5.41,5.0,22.0,1.68,7.0,7.0
ID_50363_L313,biomass,bus_400041,21.0,13.5,7.2,5.41,63.0,252.0,19.58,7.0,7.0
ID_50831_GEN2,biomass,bus_211651,1.0,16.034415,0.34,5.41,3.0,12.0,0.93,7.0,7.0
ID_50881_GEN1,biomass,bus_200261,18.3,18.601629,6.27,5.41,55.0,220.0,17.07,7.0,7.0
ID_50881_GEN2,biomass,bus_200261,18.3,18.601629,6.27,5.41,55.0,220.0,17.07,7.0,7.0
ID_50881_GEN3,biomass,bus_200261,18.3,18.601629,6.27,5.41,55.0,220.0,17.07,7.0,7.0
ID_10767_GEN1,biomass,bus_232301,28.0,14.045298,9.6,5.41,84.0,336.0,26.11,7.0,7.0
ID_50632_GEN1,biomass,bus_230601,24.0,18.350047,8.22,5.41,72.0,288.0,22.38,7.0,7.0
ID_50837_GEN1,biomass,bus_253751,35.6,19.709242999999997,12.2,5.41,107.0,427.0,33.2,7.0,7.0
ID_10395_GEN1,biomass,bus_280991,20.0,25.202133,6.85,5.41,60.0,240.0,18.65,7.0,7.0
ID_10652_GEN1,biomass,bus_133661,31.0,15.686332,10.62,5.41,93.0,372.0,28.91,7.0,7.0
ID_10772_GEN1,biomass,bus_201361,27.9,14.841121,9.56,5.41,84.0,335.0,26.02,7.0,7.0
ID_10777_GEN1,biomass,bus_300011,36.2,14.593845,12.41,5.41,109.0,434.0,33.76,7.0,7.0
ID_10836_GEN1,biomass,bus_201361,28.0,16.717706999999997,9.6,5.41,84.0,336.0,26.11,7.0,7.0
ID_10837_GEN1,biomass,bus_230601,28.0,13.892839,9.6,5.41,84.0,336.0,26.11,7.0,7.0
ID_50293_GEN1,biomass,bus_204901,28.6,13.766125,9.8,5.41,86.0,343.0,26.67,7.0,7.0
ID_50571_GEN2,biomass,bus_216471,3.0,40.5,1.03,5.41,9.0,36.0,2.8,7.0,7.0
ID_10840_GEN1,biomass,bus_232301,31.8,13.962785,10.9,5.41,95.0,382.0,29.66,7.0,7.0
ID_54567_1,biomass,bus_201361,0.6,12.699577,0.21,5.41,2.0,7.0,0.56,7.0,7.0
ID_54567_2,biomass,bus_201361,0.6,12.699577,0.21,5.41,2.0,7.0,0.56,7.0,7.0
ID_54567_3,biomass,bus_201361,0.6,12.699577,0.21,5.41,2.0,7.0,0.56,7.0,7.0
ID_10300_GEN1,biomass,bus_286671,55.5,16.026809,19.02,5.41,166.0,666.0,51.76,7.0,7.0
ID_52204_OTA2,biomass,bus_285491,1.8,13.712778,0.62,5.41,5.0,22.0,1.68,7.0,7.0
ID_10840_GEN2,biomass,bus_232301,25.2,13.962785,8.64,5.41,76.0,302.0,23.5,7.0,7.0
ID_52099_GEN6,biomass,bus_280781,1.0,9.323548,0.34,5.41,3.0,12.0,0.93,7.0,7.0
ID_54015_GEN2,biomass,bus_257141,6.8,16.597366,2.33,5.41,20.0,82.0,6.34,7.0,7.0
ID_54567_4,biomass,bus_201361,0.6,12.699577,0.21,5.41,2.0,7.0,0.56,7.0,7.0
ID_55752_P11,biomass,bus_204901,0.8,10.800361,0.27,5.41,2.0,10.0,0.75,7.0,7.0
ID_55752_P12,biomass,bus_204901,0.8,10.800361,0.27,5.41,2.0,10.0,0.75,7.0,7.0
ID_55752_P13,biomass,bus_204901,0.8,10.800361,0.27,5.41,2.0,10.0,0.75,7.0,7.0
ID_55752_P14,biomass,bus_204901,0.8,10.800361,0.27,5.41,2.0,10.0,0.75,7.0,7.0
ID_55753_P21,biomass,bus_204901,0.8,14.423604,0.27,5.41,2.0,10.0,0.75,7.0,7.0
ID_55753_P22,biomass,bus_204901,0.8,14.423604,0.27,5.41,2.0,10.0,0.75,7.0,7.0
ID_55753_P23,biomass,bus_204901,0.8,14.423604,0.27,5.41,2.0,10.0,0.75,7.0,7.0
ID_55753_P24,biomass,bus_204901,0.8,14.423604,0.27,5.41,2.0,10.0,0.75,7.0,7.0
ID_55094_UNT1,biomass,bus_284741,1.6,12.089499,0.55,5.41,5.0,19.0,1.49,7.0,7.0
ID_55094_UNT2,biomass,bus_284741,1.6,12.089499,0.55,5.41,5.0,19.0,1.49,7.0,7.0
ID_55094_UNT3,biomass,bus_284741,1.6,12.089499,0.55,5.41,5.0,19.0,1.49,7.0,7.0
ID_55094_UNT4,biomass,bus_284741,1.6,12.089499,0.55,5.41,5.0,19.0,1.49,7.0,7.0
ID_57557_S14,biomass,bus_211211,0.8,11.373275,0.27,5.41,2.0,10.0,0.75,7.0,7.0
ID_57557_S15,biomass,bus_211211,0.8,11.373275,0.27,5.41,2.0,10.0,0.75,7.0,7.0
ID_54567_5,biomass,bus_201361,0.4,12.699577,0.14,5.41,1.0,5.0,0.37,7.0,7.0
ID_55161_UNT1,biomass,bus_252891,3.0,9.971709,1.03,5.41,9.0,36.0,2.8,7.0,7.0
ID_54015_GEN3,biomass,bus_257141,4.9,16.597366,1.68,5.41,15.0,59.0,4.57,7.0,7.0
ID_55601_UNT1,biomass,bus_280991,3.0,11.040764,1.03,5.41,9.0,36.0,2.8,7.0,7.0
ID_55601_UNT2,biomass,bus_280991,3.0,11.040764,1.03,5.41,9.0,36.0,2.8,7.0,7.0
ID_55602_UNT1,biomass,bus_284741,0.9,12.555489999999999,0.31,5.41,3.0,11.0,0.84,7.0,7.0
ID_55602_UNT2,biomass,bus_284741,0.9,12.555489999999999,0.31,5.41,3.0,11.0,0.84,7.0,7.0
ID_55602_UNT3,biomass,bus_284741,0.9,12.555489999999999,0.31,5.41,3.0,11.0,0.84,7.0,7.0
ID_55602_UNT4,biomass,bus_284741,0.9,12.555489999999999,0.31,5.41,3.0,11.0,0.84,7.0,7.0
ID_55766_361A,biomass,bus_201361,3.0,13.002995,1.03,5.41,9.0,36.0,2.8,7.0,7.0
ID_55766_361B,biomass,bus_201361,3.0,13.002995,1.03,5.41,9.0,36.0,2.8,7.0,7.0
ID_55766_361C,biomass,bus_201361,3.0,13.002995,1.03,5.41,9.0,36.0,2.8,7.0,7.0
ID_55603_UNT1,biomass,bus_258301,3.0,9.0,1.03,5.41,9.0,36.0,2.8,7.0,7.0
ID_10091_G3,biomass,bus_253751,9.9,9.0,3.39,5.41,30.0,119.0,9.23,7.0,7.0
ID_10748_U2J02,biomass,bus_230171,1.0,10.245144,0.34,5.41,3.0,12.0,0.93,7.0,7.0
ID_50571_GEN3,biomass,bus_216471,1.3,40.5,0.45,5.41,4.0,16.0,1.21,7.0,7.0
ID_50571_GEN4,biomass,bus_216471,1.3,40.5,0.45,5.41,4.0,16.0,1.21,7.0,7.0
ID_57971_COGEN,biomass,bus_211211,2.1,13.115682000000001,0.72,5.41,6.0,25.0,1.96,7.0,7.0
ID_10091_G2,biomass,bus_253751,9.9,9.0,3.39,5.41,30.0,119.0,9.23,7.0,7.0
ID_56170_UNT1,biomass,bus_284011,1.3,14.621993,0.45,5.41,4.0,16.0,1.21,7.0,7.0
ID_56170_UNT2,biomass,bus_284011,1.3,14.621993,0.45,5.41,4.0,16.0,1.21,7.0,7.0
ID_10387_3,biomass,bus_284741,3.0,24.161916,1.03,5.41,9.0,36.0,2.8,7.0,7.0
ID_55880_P31,biomass,bus_204901,0.8,13.5,0.27,5.41,2.0,10.0,0.75,7.0,7.0
ID_55880_P32,biomass,bus_204901,0.8,13.5,0.27,5.41,2.0,10.0,0.75,7.0,7.0
ID_56534_GEN1,biomass,bus_280991,1.3,13.718047,0.45,5.41,4.0,16.0,1.21,7.0,7.0
ID_56534_GEN2,biomass,bus_280991,1.3,13.718047,0.45,5.41,4.0,16.0,1.21,7.0,7.0
ID_56534_GEN3,biomass,bus_280991,1.3,13.718047,0.45,5.41,4.0,16.0,1.21,7.0,7.0
ID_56535_GEN1,biomass,bus_262011,1.3,13.966406000000001,0.45,5.41,4.0,16.0,1.21,7.0,7.0
ID_56535_GEN2,biomass,bus_262011,1.3,13.966406000000001,0.45,5.41,4.0,16.0,1.21,7.0,7.0
ID_57988_GEN1,biomass,bus_201361,0.8,13.108576,0.27,5.41,2.0,10.0,0.75,7.0,7.0
ID_57988_GEN2,biomass,bus_201361,0.8,13.108576,0.27,5.41,2.0,10.0,0.75,7.0,7.0
ID_57988_GEN3,biomass,bus_201361,0.8,13.108576,0.27,5.41,2.0,10.0,0.75,7.0,7.0
ID_10748_U1C06,biomass,bus_230171,1.6,10.245144,0.55,5.41,5.0,19.0,1.49,7.0,7.0
ID_52204_OTA3,biomass,bus_285491,3.3,13.712778,1.13,5.41,10.0,40.0,3.08,7.0,7.0
ID_56428_Unit1,biomass,bus_233771,1.0,12.532748999999999,0.34,5.41,3.0,12.0,0.93,7.0,7.0
ID_56428_Unit2,biomass,bus_233771,1.0,12.532748999999999,0.34,5.41,3.0,12.0,0.93,7.0,7.0
ID_56428_Unit3,biomass,bus_233771,1.0,12.532748999999999,0.34,5.41,3.0,12.0,0.93,7.0,7.0
ID_57102_EN01,biomass,bus_257301,1.1,9.0,0.38,5.41,3.0,13.0,1.03,7.0,7.0
ID_58056_JEN1,biomass,bus_257141,0.5,10.416606,0.17,5.41,2.0,6.0,0.47,7.0,7.0
ID_58056_JEN2,biomass,bus_257141,0.5,10.416606,0.17,5.41,2.0,6.0,0.47,7.0,7.0
ID_10026_EG10,biomass,bus_283651,0.8,10.078127,0.27,5.41,2.0,10.0,0.75,7.0,7.0
ID_10026_EG20,biomass,bus_283651,0.8,10.078127,0.27,5.41,2.0,10.0,0.75,7.0,7.0
ID_56706_AMPC,biomass,bus_230601,12.5,20.730647,4.28,5.41,38.0,150.0,11.66,7.0,7.0
ID_56707_AMPC,biomass,bus_230601,12.5,20.954017,4.28,5.41,38.0,150.0,11.66,7.0,7.0
ID_56895_1,biomass,bus_211211,1.9,10.779145,0.65,5.41,6.0,23.0,1.77,7.0,7.0
ID_56895_2,biomass,bus_211211,1.9,10.779145,0.65,5.41,6.0,23.0,1.77,7.0,7.0
ID_56895_3,biomass,bus_211211,1.9,10.779145,0.65,5.41,6.0,23.0,1.77,7.0,7.0
ID_56895_4,biomass,bus_211211,1.9,10.779145,0.65,5.41,6.0,23.0,1.77,7.0,7.0
ID_56895_5,biomass,bus_211211,1.9,10.779145,0.65,5.41,6.0,23.0,1.77,7.0,7.0
ID_56895_6,biomass,bus_211211,1.9,10.779145,0.65,5.41,6.0,23.0,1.77,7.0,7.0
ID_57100_EN01,biomass,bus_261331,1.1,9.0,0.38,5.41,3.0,13.0,1.03,7.0,7.0
ID_10026_EG30,biomass,bus_283651,0.8,10.078127,0.27,5.41,2.0,10.0,0.75,7.0,7.0
ID_10026_EG40,biomass,bus_283651,0.8,10.078127,0.27,5.41,2.0,10.0,0.75,7.0,7.0
ID_56897_1,biomass,bus_216471,1.9,10.72217,0.65,5.41,6.0,23.0,1.77,7.0,7.0
ID_56897_2,biomass,bus_216471,1.9,10.72217,0.65,5.41,6.0,23.0,1.77,7.0,7.0
ID_57133_359,biomass,bus_201361,1.6,11.789841000000001,0.55,5.41,5.0,19.0,1.49,7.0,7.0
ID_57154_1209,biomass,bus_400041,18.1,13.5,6.2,5.41,54.0,217.0,16.88,7.0,7.0
ID_57876_UNT1,biomass,bus_233771,1.6,11.792504999999998,0.55,5.41,5.0,19.0,1.49,7.0,7.0
ID_56898_1,biomass,bus_262011,4.6,13.476002000000001,1.58,5.41,14.0,55.0,4.29,7.0,7.0
ID_56898_2,biomass,bus_262011,4.6,13.476002000000001,1.58,5.41,14.0,55.0,4.29,7.0,7.0
ID_57101_1,biomass,bus_261331,1.4,9.137028,0.48,5.41,4.0,17.0,1.31,7.0,7.0
ID_57102_EN02,biomass,bus_257301,1.1,9.0,0.38,5.41,3.0,13.0,1.03,7.0,7.0
ID_57163_GEN1,biomass,bus_251601,4.6,15.236996999999999,1.58,5.41,14.0,55.0,4.29,7.0,7.0
ID_57163_GEN3,biomass,bus_251601,4.6,15.236996999999999,1.58,5.41,14.0,55.0,4.29,7.0,7.0
ID_10387_1A,biomass,bus_284741,1.2,24.161916,0.41,5.41,4.0,14.0,1.12,7.0,7.0
ID_10387_2A,biomass,bus_284741,1.2,24.161916,0.41,5.41,4.0,14.0,1.12,7.0,7.0
ID_57696_1,biomass,bus_211651,4.6,11.930833,1.58,5.41,14.0,55.0,4.29,7.0,7.0
ID_57857_1,biomass,bus_200261,5.5,13.5,1.88,5.41,16.0,66.0,5.13,7.0,7.0
ID_57988_GEN5,biomass,bus_201361,0.8,13.108576,0.27,5.41,2.0,10.0,0.75,7.0,7.0
ID_57988_GEN6,biomass,bus_201361,0.8,13.108576,0.27,5.41,2.0,10.0,0.75,7.0,7.0
ID_57988_GEN4,biomass,bus_201361,0.8,13.108576,0.27,5.41,2.0,10.0,0.75,7.0,7.0
ID_58007_G1,biomass,bus_281221,6.8,9.0,2.33,5.41,20.0,82.0,6.34,7.0,7.0
ID_58007_G2,biomass,bus_281221,6.8,9.0,2.33,5.41,20.0,82.0,6.34,7.0,7.0
ID_58007_G3,biomass,bus_281221,6.8,9.0,2.33,5.41,20.0,82.0,6.34,7.0,7.0
ID_58007_G4,biomass,bus_281221,6.8,9.0,2.33,5.41,20.0,82.0,6.34,7.0,7.0
ID_58007_G5,biomass,bus_281221,10.0,9.0,3.43,5.41,30.0,120.0,9.33,7.0,7.0
ID_58472_1,biomass,bus_230541,22.5,15.409181,7.71,5.41,68.0,270.0,20.98,7.0,7.0
ID_58971_UNIT1,biomass,bus_232301,1.1,13.5,0.38,5.41,3.0,13.0,1.03,7.0,7.0
ID_58971_UNIT2,biomass,bus_232301,1.1,13.5,0.38,5.41,3.0,13.0,1.03,7.0,7.0
ID_58971_UNIT3,biomass,bus_232301,1.1,13.5,0.38,5.41,3.0,13.0,1.03,7.0,7.0
ID_52204_OTA5,biomass,bus_285491,1.6,13.712778,0.55,5.41,5.0,19.0,1.49,7.0,7.0
ID_52204_OTA6,biomass,bus_285491,1.6,13.712778,0.55,5.41,5.0,19.0,1.49,7.0,7.0
ID_57133_361,biomass,bus_201361,1.6,11.789841000000001,0.55,5.41,5.0,19.0,1.49,7.0,7.0
ID_57771_1,biomass,bus_201361,2.3,11.702633,0.79,5.41,7.0,28.0,2.14,7.0,7.0
ID_58320_362,biomass,bus_216471,1.6,10.718594999999999,0.55,5.41,5.0,19.0,1.49,7.0,7.0
ID_58379_W3998,biomass,bus_261331,1.5,11.760123,0.51,5.41,4.0,18.0,1.4,7.0,7.0
ID_58397_ENG1,biomass,bus_230171,1.4,10.673471,0.48,5.41,4.0,17.0,1.31,7.0,7.0
ID_58699_GEN1,biomass,bus_262011,1.0,12.395959999999999,0.34,5.41,3.0,12.0,0.93,7.0,7.0
ID_58699_GEN2,biomass,bus_262011,1.0,12.395959999999999,0.34,5.41,3.0,12.0,0.93,7.0,7.0
ID_58960_S200,biomass,bus_204901,1.1,9.177859,0.38,5.41,3.0,13.0,1.03,7.0,7.0
ID_58960_S201,biomass,bus_204901,1.1,9.177859,0.38,5.41,3.0,13.0,1.03,7.0,7.0
ID_58960_S202,biomass,bus_204901,1.1,9.177859,0.38,5.41,3.0,13.0,1.03,7.0,7.0
ID_58960_S203,biomass,bus_204901,1.1,9.177859,0.38,5.41,3.0,13.0,1.03,7.0,7.0
ID_60571_NCEP,biomass,bus_284741,1.6,9.289941,0.55,5.41,5.0,19.0,1.49,7.0,7.0
ID_58429_1,biomass,bus_252891,4.6,11.67286,1.58,5.41,14.0,55.0,4.29,7.0,7.0
ID_58429_2,biomass,bus_252891,4.6,11.67286,1.58,5.41,14.0,55.0,4.29,7.0,7.0
ID_58429_3,biomass,bus_252891,4.6,11.67286,1.58,5.41,14.0,55.0,4.29,7.0,7.0
ID_58429_4,biomass,bus_252891,4.6,11.67286,1.58,5.41,14.0,55.0,4.29,7.0,7.0
ID_58429_5,biomass,bus_252891,4.6,11.67286,1.58,5.41,14.0,55.0,4.29,7.0,7.0
ID_58435_ENG1,biomass,bus_216471,2.2,9.93194,0.75,5.41,7.0,26.0,2.05,7.0,7.0
ID_58435_ENG2,biomass,bus_216471,2.2,9.93194,0.75,5.41,7.0,26.0,2.05,7.0,7.0
ID_58436_ENG1,biomass,bus_230541,2.2,9.962412,0.75,5.41,7.0,26.0,2.05,7.0,7.0
ID_58436_ENG2,biomass,bus_230541,2.2,9.962412,0.75,5.41,7.0,26.0,2.05,7.0,7.0
ID_58437_ENG1,biomass,bus_230541,2.2,10.183771,0.75,5.41,7.0,26.0,2.05,7.0,7.0
ID_58437_ENG2,biomass,bus_230541,2.2,10.183771,0.75,5.41,7.0,26.0,2.05,7.0,7.0
ID_58978_CVAP,biomass,bus_230541,1.5,19.167568,0.51,5.41,4.0,18.0,1.4,7.0,7.0
ID_59447_00001,biomass,bus_232301,1.0,13.790287000000001,0.34,5.41,3.0,12.0,0.93,7.0,7.0
ID_60249_CGN,biomass,bus_211211,1.2,10.293151,0.41,5.41,4.0,14.0,1.12,7.0,7.0
ID_7527_CCCT,ngcc,bus_201361,54.0,7.32715,23.85,3.42,162.0,2592.0,26.28,1.0,3.0
ID_54912_STG1,ngcc,bus_216471,20.0,6.5,8.83,3.42,60.0,960.0,9.73,1.0,3.0
ID_10213_GEN5,ngcc,bus_253851,40.3,10.304041999999999,17.8,3.42,121.0,1934.0,19.61,1.0,3.0
ID_58198_GTG1,ngcc,bus_211211,5.0,10.406087,2.21,3.42,15.0,240.0,2.43,1.0,3.0
ID_58198_GTG2,ngcc,bus_211211,5.0,10.406087,2.21,3.42,15.0,240.0,2.43,1.0,3.0
ID_58198_STG1,ngcc,bus_211211,3.5,10.406087,1.55,3.42,10.0,168.0,1.7,1.0,3.0
ID_7551_CCST,ngcc,bus_201361,49.8,7.2543429999999995,22.0,3.42,149.0,2390.0,24.23,1.0,3.0
ID_7551_CT1A,ngcc,bus_201361,49.8,7.2543429999999995,22.0,3.42,149.0,2390.0,24.23,1.0,3.0
ID_7551_CT1B,ngcc,bus_201361,49.8,7.2543429999999995,22.0,3.42,149.0,2390.0,24.23,1.0,3.0
ID_7552_CCCT,ngcc,bus_201361,118.7,6.5,52.43,3.42,356.0,5698.0,57.76,1.0,3.0
ID_7552_CCST,ngcc,bus_201361,55.2,6.5,24.38,3.42,166.0,2650.0,26.86,1.0,3.0
ID_50541_ST1,ngcc,bus_253751,13.6,6.5,6.01,3.42,41.0,653.0,6.62,1.0,3.0
ID_50541_ST2,ngcc,bus_253751,11.5,6.5,5.08,3.42,34.0,552.0,5.6,1.0,3.0
ID_55112_CT01,ngcc,bus_201361,212.0,6.5,93.64,3.42,636.0,10176.0,103.16,1.0,3.0
ID_55112_CT02,ngcc,bus_201361,212.0,6.5,93.64,3.42,636.0,10176.0,103.16,1.0,3.0
ID_55112_ST01,ngcc,bus_201361,212.0,6.5,93.64,3.42,636.0,10176.0,103.16,1.0,3.0
ID_55182_X718,ngcc,bus_262011,167.7,6.5,74.07,3.42,503.0,8050.0,81.6,1.0,3.0
ID_55182_X719,ngcc,bus_262011,167.7,6.5,74.07,3.42,503.0,8050.0,81.6,1.0,3.0
ID_55217_CTG1,ngcc,bus_216471,198.9,6.5,87.85,3.42,597.0,9547.0,96.78,1.0,3.0
ID_55217_CTG2,ngcc,bus_216471,198.9,6.5,87.85,3.42,597.0,9547.0,96.78,1.0,3.0
ID_55217_STG3,ngcc,bus_216471,280.5,6.5,123.9,3.42,842.0,13464.0,136.49,1.0,3.0
ID_57584_NT2,ngcc,bus_284741,15.0,6.5,6.63,3.42,45.0,720.0,7.3,1.0,3.0
ID_57584_ST1,ngcc,bus_284741,15.0,6.5,6.63,3.42,45.0,720.0,7.3,1.0,3.0
ID_260_CT1A,ngcc,bus_233771,233.0,7.046323999999999,102.92,3.42,699.0,11184.0,113.38,1.0,3.0
ID_260_CT1B,ngcc,bus_233771,233.0,7.046323999999999,102.92,3.42,699.0,11184.0,113.38,1.0,3.0
ID_260_CT2A,ngcc,bus_233771,233.0,7.046323999999999,102.92,3.42,699.0,11184.0,113.38,1.0,3.0
ID_260_CT2B,ngcc,bus_233771,233.0,7.046323999999999,102.92,3.42,699.0,11184.0,113.38,1.0,3.0
ID_260_ST1,ngcc,bus_233771,233.0,7.046323999999999,102.92,3.42,699.0,11184.0,113.38,1.0,3.0
ID_260_ST2,ngcc,bus_233771,233.0,7.046323999999999,102.92,3.42,699.0,11184.0,113.38,1.0,3.0
ID_7307_5,ngcc,bus_200261,40.0,9.145903,17.67,3.42,120.0,1920.0,19.46,1.0,3.0
ID_50061_GEN4,ngcc,bus_285491,4.1,6.5,1.81,3.42,12.0,197.0,2.0,1.0,3.0
ID_55333_CTG1,ngcc,bus_216471,212.0,6.5,93.64,3.42,636.0,10176.0,103.16,1.0,3.0
ID_55333_CTG2,ngcc,bus_216471,212.0,6.5,93.64,3.42,636.0,10176.0,103.16,1.0,3.0
ID_55333_CTG3,ngcc,bus_216471,213.5,6.5,94.3,3.42,640.0,10248.0,103.89,1.0,3.0
ID_55333_STG1,ngcc,bus_216471,306.0,6.5,135.16,3.42,918.0,14688.0,148.9,1.0,3.0
ID_58083_GTG1,ngcc,bus_281221,19.0,6.5,8.39,3.42,57.0,912.0,9.25,1.0,3.0
ID_58083_STG1,ngcc,bus_281221,2.0,6.5,0.88,3.42,6.0,96.0,0.97,1.0,3.0
ID_7266_2,ngcc,bus_230601,37.7,6.646591,16.65,3.42,113.0,1810.0,18.34,1.0,3.0
ID_7266_3,ngcc,bus_230601,60.5,6.646591,26.72,3.42,182.0,2904.0,29.44,1.0,3.0
ID_55151_GEN1,ngcc,bus_232301,300.0,7.29385,132.51,3.42,900.0,14400.0,145.98,1.0,3.0
ID_55151_GEN2,ngcc,bus_232301,300.0,7.29385,132.51,3.42,900.0,14400.0,145.98,1.0,3.0
ID_55151_GEN3,ngcc,bus_232301,300.0,7.29385,132.51,3.42,900.0,14400.0,145.98,1.0,3.0
ID_55151_GEN4,ngcc,bus_232301,300.0,7.29385,132.51,3.42,900.0,14400.0,145.98,1.0,3.0
ID_55182_STG,ngcc,bus_262011,270.0,6.5,119.26,3.42,810.0,12960.0,131.38,1.0,3.0
ID_55295_CT1,ngcc,bus_400041,182.0,6.5,80.39,3.42,546.0,8736.0,88.56,1.0,3.0
ID_55295_CT2,ngcc,bus_400041,182.0,6.5,80.39,3.42,546.0,8736.0,88.56,1.0,3.0
ID_55295_ST1,ngcc,bus_400041,227.0,6.5,100.27,3.42,681.0,10896.0,110.46,1.0,3.0
ID_55400_CTG1,ngcc,bus_232301,199.0,6.5,87.9,3.42,597.0,9552.0,96.83,1.0,3.0
ID_55400_CTG2,ngcc,bus_232301,199.0,6.5,87.9,3.42,597.0,9552.0,96.83,1.0,3.0
ID_55400_STG,ngcc,bus_232301,225.0,6.5,99.38,3.42,675.0,10800.0,109.48,1.0,3.0
ID_55518_CTG1,ngcc,bus_284011,173.0,7.0031620000000006,76.41,3.42,519.0,8304.0,84.18,1.0,3.0
ID_55518_CTG2,ngcc,bus_284011,173.0,7.0031620000000006,76.41,3.42,519.0,8304.0,84.18,1.0,3.0
ID_55518_CTG3,ngcc,bus_284011,173.0,7.0031620000000006,76.41,3.42,519.0,8304.0,84.18,1.0,3.0
ID_55518_STG1,ngcc,bus_284011,333.0,7.0031620000000006,147.09,3.42,999.0,15984.0,162.04,1.0,3.0
ID_55748_CTG1,ngcc,bus_211211,45.0,6.757403,19.88,3.42,135.0,2160.0,21.9,1.0,3.0
ID_55748_CTG2,ngcc,bus_211211,45.0,6.757403,19.88,3.42,135.0,2160.0,21.9,1.0,3.0
ID_55748_CTG3,ngcc,bus_211211,45.0,6.757403,19.88,3.42,135.0,2160.0,21.9,1.0,3.0
ID_55748_CTG4,ngcc,bus_211211,45.0,6.757403,19.88,3.42,135.0,2160.0,21.9,1.0,3.0
ID_55933_TPP1,ngcc,bus_230541,84.4,6.742787,37.28,3.42,253.0,4051.0,41.07,1.0,3.0
ID_55933_TPP2,ngcc,bus_230541,84.4,6.742787,37.28,3.42,253.0,4051.0,41.07,1.0,3.0
ID_408_6,ngcc,bus_252891,182.8,7.715615,80.74,3.42,548.0,8774.0,88.95,1.0,3.0
ID_408_7,ngcc,bus_252891,182.8,7.715615,80.74,3.42,548.0,8774.0,88.95,1.0,3.0
ID_408_8,ngcc,bus_252891,264.4,7.715615,116.79,3.42,793.0,12691.0,128.66,1.0,3.0
ID_10156_GEN4,ngcc,bus_232301,50.3,7.4586559999999995,22.22,3.42,151.0,2414.0,24.48,1.0,3.0
ID_358_MV3A,ngcc,bus_284011,164.6,6.63958,72.7,3.42,494.0,7901.0,80.09,1.0,3.0
ID_358_MV3B,ngcc,bus_284011,164.6,6.63958,72.7,3.42,494.0,7901.0,80.09,1.0,3.0
ID_358_MV3C,ngcc,bus_284011,189.2,6.63958,83.57,3.42,568.0,9082.0,92.06,1.0,3.0
ID_400_10,ngcc,bus_261001,182.8,8.07037,80.74,3.42,548.0,8774.0,88.95,1.0,3.0
ID_400_8,ngcc,bus_261001,264.3,8.07037,116.74,3.42,793.0,12686.0,128.61,1.0,3.0
ID_400_9,ngcc,bus_261001,182.8,8.07037,80.74,3.42,548.0,8774.0,88.95,1.0,3.0
ID_55393_CTG1,ngcc,bus_233771,200.0,6.5,88.34,3.42,600.0,9600.0,97.32,1.0,3.0
ID_55393_CTG2,ngcc,bus_233771,200.0,6.5,88.34,3.42,600.0,9600.0,97.32,1.0,3.0
ID_55393_STG1,ngcc,bus_233771,235.0,6.5,103.8,3.42,705.0,11280.0,114.35,1.0,3.0
ID_55656_CT01,ngcc,bus_262011,168.0,6.5,74.21,3.42,504.0,8064.0,81.75,1.0,3.0
ID_55656_CT02,ngcc,bus_262011,168.0,6.5,74.21,3.42,504.0,8064.0,81.75,1.0,3.0
ID_55656_CT04,ngcc,bus_262011,168.0,6.5,74.21,3.42,504.0,8064.0,81.75,1.0,3.0
ID_55656_ST03,ngcc,bus_262011,185.0,6.5,81.71,3.42,555.0,8880.0,90.02,1.0,3.0
ID_55656_ST05,ngcc,bus_262011,90.0,6.5,39.75,3.42,270.0,4320.0,43.79,1.0,3.0
ID_55985_CTG1,ngcc,bus_283651,165.0,6.5,72.88,3.42,495.0,7920.0,80.29,1.0,3.0
ID_55985_CTG2,ngcc,bus_283651,165.0,6.5,72.88,3.42,495.0,7920.0,80.29,1.0,3.0
ID_56026_CTG1,ngcc,bus_233771,50.0,6.5,22.08,3.42,150.0,2400.0,24.33,1.0,3.0
ID_56026_CTG2,ngcc,bus_233771,50.0,6.5,22.08,3.42,150.0,2400.0,24.33,1.0,3.0
ID_56026_STG,ngcc,bus_233771,54.0,6.5,23.85,3.42,162.0,2592.0,26.28,1.0,3.0
ID_56041_M1,ngcc,bus_255981,40.0,6.5,17.67,3.42,120.0,1920.0,19.46,1.0,3.0
ID_56041_M2,ngcc,bus_255981,40.0,6.5,17.67,3.42,120.0,1920.0,19.46,1.0,3.0
ID_56041_M3,ngcc,bus_255981,50.0,6.5,22.08,3.42,150.0,2400.0,24.33,1.0,3.0
ID_56046_1,ngcc,bus_252891,198.9,6.5,87.85,3.42,597.0,9547.0,96.78,1.0,3.0
ID_56046_2,ngcc,bus_252891,188.7,6.5,83.35,3.42,566.0,9058.0,91.82,1.0,3.0
ID_56356_CT1,ngcc,bus_281221,41.0,6.5,18.11,3.42,123.0,1968.0,19.95,1.0,3.0
ID_56356_ST1,ngcc,bus_281221,8.0,6.5,3.53,3.42,24.0,384.0,3.89,1.0,3.0
ID_358_MV4A,ngcc,bus_284011,164.6,6.63958,72.7,3.42,494.0,7901.0,80.09,1.0,3.0
ID_358_MV4B,ngcc,bus_284011,164.6,6.63958,72.7,3.42,494.0,7901.0,80.09,1.0,3.0
ID_358_MV4C,ngcc,bus_284011,189.2,6.63958,83.57,3.42,568.0,9082.0,92.06,1.0,3.0
ID_55970_1,ngcc,bus_201361,190.0,6.5,83.92,3.42,570.0,9120.0,92.45,1.0,3.0
ID_55970_2,ngcc,bus_201361,170.0,6.5,75.09,3.42,510.0,8160.0,82.72,1.0,3.0
ID_55970_3,ngcc,bus_201361,170.0,6.5,75.09,3.42,510.0,8160.0,82.72,1.0,3.0
ID_55985_STG,ngcc,bus_283651,229.0,6.5,101.15,3.42,687.0,10992.0,111.43,1.0,3.0
ID_56078_1,ngcc,bus_230601,94.9,6.6424520000000005,41.92,3.42,285.0,4555.0,46.18,1.0,3.0
ID_56078_2,ngcc,bus_230601,94.9,6.6424520000000005,41.92,3.42,285.0,4555.0,46.18,1.0,3.0
ID_56078_3,ngcc,bus_230601,110.8,6.6424520000000005,48.94,3.42,332.0,5318.0,53.92,1.0,3.0
ID_56298_0001,ngcc,bus_201361,42.0,6.5,18.55,3.42,126.0,2016.0,20.44,1.0,3.0
ID_56298_0002,ngcc,bus_201361,42.0,6.5,18.55,3.42,126.0,2016.0,20.44,1.0,3.0
ID_56298_0003,ngcc,bus_201361,80.0,6.5,35.34,3.42,240.0,3840.0,38.93,1.0,3.0
ID_57122_CTG1,ngcc,bus_280991,13.5,6.5,5.96,3.42,40.0,648.0,6.57,1.0,3.0
ID_57122_STG1,ngcc,bus_280991,5.5,6.5,2.43,3.42,16.0,264.0,2.68,1.0,3.0
ID_57564_CTG,ngcc,bus_232301,49.0,6.5,21.64,3.42,147.0,2352.0,23.84,1.0,3.0
ID_55345_101,ngcc,bus_285491,198.9,6.5,87.85,3.42,597.0,9547.0,96.78,1.0,3.0
ID_55345_102,ngcc,bus_285491,198.9,6.5,87.85,3.42,597.0,9547.0,96.78,1.0,3.0
ID_55345_103,ngcc,bus_285491,290.7,6.5,128.4,3.42,872.0,13954.0,141.45,1.0,3.0
ID_55853_1,ngcc,bus_284011,409.5,7.196237,180.88,3.42,1228.0,19656.0,199.26,1.0,3.0
ID_56476_A,ngcc,bus_216471,203.2,6.5,89.75,3.42,610.0,9754.0,98.88,1.0,3.0
ID_56476_B,ngcc,bus_216471,203.2,6.5,89.75,3.42,610.0,9754.0,98.88,1.0,3.0
ID_56476_C,ngcc,bus_216471,213.3,6.5,94.21,3.42,640.0,10238.0,103.79,1.0,3.0
ID_55853_2,ngcc,bus_284011,409.5,7.196237,180.88,3.42,1228.0,19656.0,199.26,1.0,3.0
ID_56532_A,ngcc,bus_204901,181.5,6.5,80.17,3.42,544.0,8712.0,88.32,1.0,3.0
ID_56532_B,ngcc,bus_204901,181.5,6.5,80.17,3.42,544.0,8712.0,88.32,1.0,3.0
ID_56532_C,ngcc,bus_204901,349.4,6.5,154.33,3.42,1048.0,16771.0,170.02,1.0,3.0
ID_7307_6,ngcc,bus_200261,42.5,9.145903,18.77,3.42,128.0,2040.0,20.68,1.0,3.0
ID_389_30,ngcc,bus_400011,65.9,8.425130999999999,29.11,3.42,198.0,3163.0,32.07,1.0,3.0
ID_389_31,ngcc,bus_400011,43.2,8.425130999999999,19.08,3.42,130.0,2074.0,21.02,1.0,3.0
ID_389_32,ngcc,bus_400011,43.2,8.425130999999999,19.08,3.42,130.0,2074.0,21.02,1.0,3.0
ID_55933_TCC1,ngcc,bus_230541,167.3,6.742787,73.9,3.42,502.0,8030.0,81.41,1.0,3.0
ID_57564_STG2,ngcc,bus_232301,12.5,6.5,5.52,3.42,38.0,600.0,6.08,1.0,3.0
ID_57978_CT1,ngcc,bus_230541,185.0,6.5,81.71,3.42,555.0,8880.0,90.02,1.0,3.0
ID_57978_ST1,ngcc,bus_230541,103.9,6.5,45.89,3.42,312.0,4987.0,50.56,1.0,3.0
ID_10213_GEN7,ngcc,bus_253851,40.7,10.304041999999999,17.98,3.42,122.0,1954.0,19.8,1.0,3.0
ID_10213_GEN8,ngcc,bus_253851,5.2,10.304041999999999,2.3,3.42,16.0,250.0,2.53,1.0,3.0
ID_55748_CAG5,ngcc,bus_211211,126.1,6.757403,55.7,3.42,378.0,6053.0,61.36,1.0,3.0
ID_56467_CTG1,ngcc,bus_211211,200.0,6.5,88.34,3.42,600.0,9600.0,97.32,1.0,3.0
ID_56467_CTG2,ngcc,bus_211211,200.0,6.5,88.34,3.42,600.0,9600.0,97.32,1.0,3.0
ID_56467_STG1,ngcc,bus_211211,255.0,6.5,112.63,3.42,765.0,12240.0,124.08,1.0,3.0
ID_57901_5,ngcc,bus_253851,198.0,6.5,87.46,3.42,594.0,9504.0,96.35,1.0,3.0
ID_57901_6,ngcc,bus_253851,70.7,6.5,31.23,3.42,212.0,3394.0,34.4,1.0,3.0
ID_57901_7,ngcc,bus_253851,198.0,6.5,87.46,3.42,594.0,9504.0,96.35,1.0,3.0
ID_57901_8,ngcc,bus_253851,70.7,6.5,31.23,3.42,212.0,3394.0,34.4,1.0,3.0
ID_55698_HEP1,ngcc,bus_232301,46.1,10.885501,20.36,3.42,138.0,2213.0,22.43,1.0,3.0
ID_55698_HEP2,ngcc,bus_232301,46.1,10.885501,20.36,3.42,138.0,2213.0,22.43,1.0,3.0
ID_55810_S3,ngcc,bus_233771,45.0,11.196761,19.88,3.42,135.0,2160.0,21.9,1.0,3.0
ID_55810_S4,ngcc,bus_233771,45.0,11.196761,19.88,3.42,135.0,2160.0,21.9,1.0,3.0
ID_55934_C4,ngcc,bus_284011,11.2,8.633588,4.95,3.42,34.0,538.0,5.45,1.0,3.0
ID_55935_D1,ngcc,bus_284011,11.2,8.624169,4.95,3.42,34.0,538.0,5.45,1.0,3.0
ID_55935_D2,ngcc,bus_284011,11.2,8.624169,4.95,3.42,34.0,538.0,5.45,1.0,3.0
ID_55935_D3,ngcc,bus_284011,11.2,8.624169,4.95,3.42,34.0,538.0,5.45,1.0,3.0
ID_55935_D4,ngcc,bus_284011,11.2,8.624169,4.95,3.42,34.0,538.0,5.45,1.0,3.0
ID_56184_IC10,ngcc,bus_200261,2.9,10.66648,1.28,3.42,9.0,139.0,1.41,1.0,3.0
ID_56184_IC11,ngcc,bus_200261,2.9,10.66648,1.28,3.42,9.0,139.0,1.41,1.0,3.0
ID_56184_IC12,ngcc,bus_200261,2.9,10.66648,1.28,3.42,9.0,139.0,1.41,1.0,3.0
ID_56184_IC13,ngcc,bus_200261,2.9,10.66648,1.28,3.42,9.0,139.0,1.41,1.0,3.0
ID_56184_IC14,ngcc,bus_200261,2.9,10.66648,1.28,3.42,9.0,139.0,1.41,1.0,3.0
ID_56184_IC15,ngcc,bus_200261,2.9,10.66648,1.28,3.42,9.0,139.0,1.41,1.0,3.0
ID_56184_IC16,ngcc,bus_200261,2.9,10.66648,1.28,3.42,9.0,139.0,1.41,1.0,3.0
ID_56184_IC2,ngcc,bus_200261,2.9,10.66648,1.28,3.42,9.0,139.0,1.41,1.0,3.0
ID_56184_IC3,ngcc,bus_200261,2.9,10.66648,1.28,3.42,9.0,139.0,1.41,1.0,3.0
ID_56184_IC4,ngcc,bus_200261,2.9,10.66648,1.28,3.42,9.0,139.0,1.41,1.0,3.0
ID_56184_IC5,ngcc,bus_200261,2.9,10.66648,1.28,3.42,9.0,139.0,1.41,1.0,3.0
ID_56184_IC6,ngcc,bus_200261,2.9,10.66648,1.28,3.42,9.0,139.0,1.41,1.0,3.0
ID_56184_IC7,ngcc,bus_200261,2.9,10.66648,1.28,3.42,9.0,139.0,1.41,1.0,3.0
ID_56184_IC8,ngcc,bus_200261,2.9,10.66648,1.28,3.42,9.0,139.0,1.41,1.0,3.0
ID_56184_IC9,ngcc,bus_200261,2.9,10.66648,1.28,3.42,9.0,139.0,1.41,1.0,3.0
ID_56185_IC1,ngcc,bus_230601,3.1,10.139029,1.37,3.42,9.0,149.0,1.51,1.0,3.0
ID_56185_IC10,ngcc,bus_230601,3.1,10.139029,1.37,3.42,9.0,149.0,1.51,1.0,3.0
ID_56185_IC11,ngcc,bus_230601,3.1,10.139029,1.37,3.42,9.0,149.0,1.51,1.0,3.0
ID_56185_IC12,ngcc,bus_230601,3.1,10.139029,1.37,3.42,9.0,149.0,1.51,1.0,3.0
ID_56185_IC13,ngcc,bus_230601,3.1,10.139029,1.37,3.42,9.0,149.0,1.51,1.0,3.0
ID_56185_IC14,ngcc,bus_230601,3.1,10.139029,1.37,3.42,9.0,149.0,1.51,1.0,3.0
ID_56185_IC15,ngcc,bus_230601,3.1,10.139029,1.37,3.42,9.0,149.0,1.51,1.0,3.0
ID_56185_IC16,ngcc,bus_230601,3.1,10.139029,1.37,3.42,9.0,149.0,1.51,1.0,3.0
ID_56185_IC2,ngcc,bus_230601,3.1,10.139029,1.37,3.42,9.0,149.0,1.51,1.0,3.0
ID_56185_IC3,ngcc,bus_230601,3.1,10.139029,1.37,3.42,9.0,149.0,1.51,1.0,3.0
ID_56185_IC4,ngcc,bus_230601,3.1,10.139029,1.37,3.42,9.0,149.0,1.51,1.0,3.0
ID_56185_IC5,ngcc,bus_230601,3.1,10.139029,1.37,3.42,9.0,149.0,1.51,1.0,3.0
ID_56185_IC6,ngcc,bus_230601,3.1,10.139029,1.37,3.42,9.0,149.0,1.51,1.0,3.0
ID_56185_IC7,ngcc,bus_230601,3.1,10.139029,1.37,3.42,9.0,149.0,1.51,1.0,3.0
ID_56185_IC8,ngcc,bus_230601,3.1,10.139029,1.37,3.42,9.0,149.0,1.51,1.0,3.0
ID_56185_IC9,ngcc,bus_230601,3.1,10.139029,1.37,3.42,9.0,149.0,1.51,1.0,3.0
ID_57715_GEN2,ngcc,bus_283651,1.0,24.111,0.44,3.42,3.0,48.0,0.49,1.0,3.0
ID_58422_CP1,ngcc,bus_252891,0.2,10.568895000000001,0.09,3.42,1.0,10.0,0.1,1.0,3.0
ID_399_GT10,ngcc,bus_253751,60.5,9.333083,26.72,3.42,182.0,2904.0,29.44,1.0,3.0
ID_399_GT11,ngcc,bus_253751,60.5,9.333083,26.72,3.42,182.0,2904.0,29.44,1.0,3.0
ID_399_GT12,ngcc,bus_253751,60.5,9.333083,26.72,3.42,182.0,2904.0,29.44,1.0,3.0
ID_399_GT13,ngcc,bus_253751,60.5,9.333083,26.72,3.42,182.0,2904.0,29.44,1.0,3.0
ID_399_GT14,ngcc,bus_253751,60.5,9.333083,26.72,3.42,182.0,2904.0,29.44,1.0,3.0
ID_408_5,ngcc,bus_252891,60.5,7.715615,26.72,3.42,182.0,2904.0,29.44,1.0,3.0
ID_7987_L1,ngcc,bus_252891,60.5,12.059085999999999,26.72,3.42,182.0,2904.0,29.44,1.0,3.0
ID_54296_EG3,ngcc,bus_257301,1.0,10.421247,0.44,3.42,3.0,48.0,0.49,1.0,3.0
ID_55499_CPP1,ngcc,bus_216471,60.5,10.844625,26.72,3.42,182.0,2904.0,29.44,1.0,3.0
ID_55512_CPP6,ngcc,bus_285491,48.7,11.369455,21.51,3.42,146.0,2338.0,23.7,1.0,3.0
ID_55807_HPP1,ngcc,bus_232301,49.0,10.308509,21.64,3.42,147.0,2352.0,23.84,1.0,3.0
ID_55807_HPP2,ngcc,bus_232301,49.0,10.308509,21.64,3.42,147.0,2352.0,23.84,1.0,3.0
ID_55810_S5,ngcc,bus_233771,45.0,11.196761,19.88,3.42,135.0,2160.0,21.9,1.0,3.0
ID_55811_CTG1,ngcc,bus_230171,47.3,10.760966,20.89,3.42,142.0,2270.0,23.02,1.0,3.0
ID_55813_CTG1,ngcc,bus_201361,47.3,11.964584,20.89,3.42,142.0,2270.0,23.02,1.0,3.0
ID_55851_GT1,ngcc,bus_216471,51.0,6.5,22.53,3.42,153.0,2448.0,24.82,1.0,3.0
ID_56144_1,ngcc,bus_284011,10.0,13.333333,4.42,3.42,30.0,480.0,4.87,1.0,3.0
ID_56144_2,ngcc,bus_284011,10.0,13.333333,4.42,3.42,30.0,480.0,4.87,1.0,3.0
ID_56144_3,ngcc,bus_284011,10.0,13.333333,4.42,3.42,30.0,480.0,4.87,1.0,3.0
ID_56144_4,ngcc,bus_284011,10.0,13.333333,4.42,3.42,30.0,480.0,4.87,1.0,3.0
ID_57714_GEN1,ngcc,bus_211211,1.1,10.3,0.49,3.42,3.0,53.0,0.54,1.0,3.0
ID_57714_GEN2,ngcc,bus_211211,1.1,10.3,0.49,3.42,3.0,53.0,0.54,1.0,3.0
ID_57714_GEN3,ngcc,bus_211211,1.1,10.3,0.49,3.42,3.0,53.0,0.54,1.0,3.0
ID_57714_GEN4,ngcc,bus_211211,1.1,10.3,0.49,3.42,3.0,53.0,0.54,1.0,3.0
ID_58056_T100,ngcc,bus_257141,5.2,13.181059999999999,2.3,3.42,16.0,250.0,2.53,1.0,3.0
ID_58056_T200,ngcc,bus_257141,5.2,13.181059999999999,2.3,3.42,16.0,250.0,2.53,1.0,3.0
ID_58058_1,ngcc,bus_255981,6.7,8.037,2.96,3.42,20.0,322.0,3.26,1.0,3.0
ID_58100_5900,ngcc,bus_261161,4.5,15.367515,1.99,3.42,14.0,216.0,2.19,1.0,3.0
ID_55625_CT1,ngcc,bus_216471,47.0,11.05852,20.76,3.42,141.0,2256.0,22.87,1.0,3.0
ID_55626_CT1,ngcc,bus_216471,47.0,11.071416,20.76,3.42,141.0,2256.0,22.87,1.0,3.0
ID_55627_CT1,ngcc,bus_216471,47.0,11.283185,20.76,3.42,141.0,2256.0,22.87,1.0,3.0
ID_55847_CTG1,ngcc,bus_201361,47.0,11.020768,20.76,3.42,141.0,2256.0,22.87,1.0,3.0
ID_55855_CTG1,ngcc,bus_216471,47.0,10.745092000000001,20.76,3.42,141.0,2256.0,22.87,1.0,3.0
ID_55951_AMP1,ngcc,bus_284011,60.5,10.014051,26.72,3.42,182.0,2904.0,29.44,1.0,3.0
ID_55963_CTG1,ngcc,bus_216471,47.0,10.944310999999999,20.76,3.42,141.0,2256.0,22.87,1.0,3.0
ID_56051_GEN1,ngcc,bus_261001,57.4,10.206896,25.35,3.42,172.0,2755.0,27.93,1.0,3.0
ID_58190_CG,ngcc,bus_261331,1.4,8.037,0.62,3.42,4.0,67.0,0.68,1.0,3.0
ID_58607_1,ngcc,bus_211211,0.5,11.787139,0.22,3.42,2.0,24.0,0.24,1.0,3.0
ID_58607_2,ngcc,bus_211211,0.5,11.787139,0.22,3.42,2.0,24.0,0.24,1.0,3.0
ID_58607_3,ngcc,bus_211211,0.5,11.787139,0.22,3.42,2.0,24.0,0.24,1.0,3.0
ID_58914_CG1,ngcc,bus_286671,7.2,11.937137,3.18,3.42,22.0,346.0,3.5,1.0,3.0
ID_377_9,ngcc,bus_254001,57.4,10.074303,25.35,3.42,172.0,2755.0,27.93,1.0,3.0
ID_422_GT3,ngcc,bus_256181,60.5,10.997103,26.72,3.42,182.0,2904.0,29.44,1.0,3.0
ID_422_GT4,ngcc,bus_256181,60.5,10.997103,26.72,3.42,182.0,2904.0,29.44,1.0,3.0
ID_10175_1711,ngcc,bus_284741,3.5,12.284018,1.55,3.42,10.0,168.0,1.7,1.0,3.0
ID_50985_3165,ngcc,bus_216471,1.4,6.516842,0.62,3.42,4.0,67.0,0.68,1.0,3.0
ID_57702_1,ngcc,bus_261001,5.7,13.462283,2.52,3.42,17.0,274.0,2.77,1.0,3.0
ID_56232_1,ngcc,bus_284741,53.0,10.340789000000001,23.41,3.42,159.0,2544.0,25.79,1.0,3.0
ID_56239_GT1,ngcc,bus_232301,60.5,10.245313,26.72,3.42,182.0,2904.0,29.44,1.0,3.0
ID_56239_GT2,ngcc,bus_232301,60.5,10.245313,26.72,3.42,182.0,2904.0,29.44,1.0,3.0
ID_56346_ICE1,ngcc,bus_284011,1.2,24.111,0.53,3.42,4.0,58.0,0.58,1.0,3.0
ID_56346_ICE2,ngcc,bus_284011,1.2,24.111,0.53,3.42,4.0,58.0,0.58,1.0,3.0
ID_56346_ICE3,ngcc,bus_284011,1.2,24.111,0.53,3.42,4.0,58.0,0.58,1.0,3.0
ID_56346_ICE4,ngcc,bus_284011,1.2,24.111,0.53,3.42,4.0,58.0,0.58,1.0,3.0
ID_56346_ICE5,ngcc,bus_284011,1.2,24.111,0.53,3.42,4.0,58.0,0.58,1.0,3.0
ID_56346_ICE6,ngcc,bus_284011,1.2,24.111,0.53,3.42,4.0,58.0,0.58,1.0,3.0
ID_56346_ICE7,ngcc,bus_284011,1.2,24.111,0.53,3.42,4.0,58.0,0.58,1.0,3.0
ID_59458_WTG1,ngcc,bus_284741,4.6,10.352445,2.03,3.42,14.0,221.0,2.24,1.0,3.0
ID_56135_1,ngcc,bus_230541,60.5,11.518604,26.72,3.42,182.0,2904.0,29.44,1.0,3.0
ID_56135_2,ngcc,bus_230541,60.5,11.518604,26.72,3.42,182.0,2904.0,29.44,1.0,3.0
ID_56143_1,ngcc,bus_284011,50.0,10.559471,22.08,3.42,150.0,2400.0,24.33,1.0,3.0
ID_56143_2,ngcc,bus_284011,50.0,10.559471,22.08,3.42,150.0,2400.0,24.33,1.0,3.0
ID_58223_1,ngcc,bus_280781,1.5,11.373336,0.66,3.42,4.0,72.0,0.73,1.0,3.0
ID_58223_2,ngcc,bus_280781,1.5,11.373336,0.66,3.42,4.0,72.0,0.73,1.0,3.0
ID_58223_3,ngcc,bus_280781,1.5,11.373336,0.66,3.42,4.0,72.0,0.73,1.0,3.0
ID_56472_1,ngcc,bus_284011,49.8,10.087632,22.0,3.42,149.0,2390.0,24.23,1.0,3.0
ID_56473_1,ngcc,bus_284011,49.8,10.168761,22.0,3.42,149.0,2390.0,24.23,1.0,3.0
ID_56474_1,ngcc,bus_257301,49.8,10.145492,22.0,3.42,149.0,2390.0,24.23,1.0,3.0
ID_56475_1,ngcc,bus_256751,49.8,10.093688,22.0,3.42,149.0,2390.0,24.23,1.0,3.0
ID_58619_1,ngcc,bus_211211,0.5,11.811069,0.22,3.42,2.0,24.0,0.24,1.0,3.0
ID_58619_2,ngcc,bus_211211,0.5,11.811069,0.22,3.42,2.0,24.0,0.24,1.0,3.0
ID_59456_PTG4,ngcc,bus_284741,4.6,10.778238,2.03,3.42,14.0,221.0,2.24,1.0,3.0
ID_10042_KDHT1,ngcc,bus_232301,3.5,16.612646,1.55,3.42,10.0,168.0,1.7,1.0,3.0
ID_56569_1,ngcc,bus_286671,60.5,12.058215,26.72,3.42,182.0,2904.0,29.44,1.0,3.0
ID_56569_2,ngcc,bus_286671,60.5,12.058215,26.72,3.42,182.0,2904.0,29.44,1.0,3.0
ID_57580_CG1,ngcc,bus_201361,2.1,9.303953,0.93,3.42,6.0,101.0,1.02,1.0,3.0
ID_57580_CG2,ngcc,bus_201361,2.1,9.303953,0.93,3.42,6.0,101.0,1.02,1.0,3.0
ID_56232_2,ngcc,bus_284741,53.0,10.340789000000001,23.41,3.42,159.0,2544.0,25.79,1.0,3.0
ID_56639_1,ngcc,bus_230601,69.9,10.930964,30.87,3.42,210.0,3355.0,34.01,1.0,3.0
ID_56639_2,ngcc,bus_230601,69.9,10.930964,30.87,3.42,210.0,3355.0,34.01,1.0,3.0
ID_56803_1,ngcc,bus_230601,108.0,9.163411,47.7,3.42,324.0,5184.0,52.55,1.0,3.0
ID_56803_2,ngcc,bus_230601,108.0,9.163411,47.7,3.42,324.0,5184.0,52.55,1.0,3.0
ID_56803_3,ngcc,bus_230601,108.0,9.163411,47.7,3.42,324.0,5184.0,52.55,1.0,3.0
ID_56803_4,ngcc,bus_230601,108.0,9.163411,47.7,3.42,324.0,5184.0,52.55,1.0,3.0
ID_246_IC1,ngcc,bus_200001,16.7,9.103361999999999,7.38,3.42,50.0,802.0,8.13,1.0,3.0
ID_246_IC10,ngcc,bus_200001,16.7,9.103361999999999,7.38,3.42,50.0,802.0,8.13,1.0,3.0
ID_246_IC2,ngcc,bus_200001,16.7,9.103361999999999,7.38,3.42,50.0,802.0,8.13,1.0,3.0
ID_246_IC4,ngcc,bus_200001,16.7,9.103361999999999,7.38,3.42,50.0,802.0,8.13,1.0,3.0
ID_246_IC5,ngcc,bus_200001,16.7,9.103361999999999,7.38,3.42,50.0,802.0,8.13,1.0,3.0
ID_246_IC6,ngcc,bus_200001,16.7,9.103361999999999,7.38,3.42,50.0,802.0,8.13,1.0,3.0
ID_246_IC7,ngcc,bus_200001,16.7,9.103361999999999,7.38,3.42,50.0,802.0,8.13,1.0,3.0
ID_246_IC8,ngcc,bus_200001,16.7,9.103361999999999,7.38,3.42,50.0,802.0,8.13,1.0,3.0
ID_246_IC9,ngcc,bus_200001,16.7,9.103361999999999,7.38,3.42,50.0,802.0,8.13,1.0,3.0
ID_56914_CTG1,ngcc,bus_283651,59.0,10.827709,26.06,3.42,177.0,2832.0,28.71,1.0,3.0
ID_56914_CTG2,ngcc,bus_283651,59.0,10.827709,26.06,3.42,177.0,2832.0,28.71,1.0,3.0
ID_57001_GEN1,ngcc,bus_285491,49.9,11.047030000000001,22.04,3.42,150.0,2395.0,24.28,1.0,3.0
ID_57977_ENG1,ngcc,bus_300011,3.0,10.617412,1.33,3.42,9.0,144.0,1.46,1.0,3.0
ID_57977_ENG2,ngcc,bus_300011,3.0,10.617412,1.33,3.42,9.0,144.0,1.46,1.0,3.0
ID_58169_1,ngcc,bus_281221,4.6,10.942590000000001,2.03,3.42,14.0,221.0,2.24,1.0,3.0
ID_246_IC3,ngcc,bus_200001,16.7,9.103361999999999,7.38,3.42,50.0,802.0,8.13,1.0,3.0
ID_7266_3A,ngcc,bus_230601,8.4,6.646591,3.71,3.42,25.0,403.0,4.09,1.0,3.0
ID_7266_3B,ngcc,bus_230601,8.4,6.646591,3.71,3.42,25.0,403.0,4.09,1.0,3.0
ID_7266_3C,ngcc,bus_230601,8.4,6.646591,3.71,3.42,25.0,403.0,4.09,1.0,3.0
ID_7266_3D,ngcc,bus_230601,8.4,6.646591,3.71,3.42,25.0,403.0,4.09,1.0,3.0
ID_7266_3E,ngcc,bus_230601,8.4,6.646591,3.71,3.42,25.0,403.0,4.09,1.0,3.0
ID_7266_3F,ngcc,bus_230601,8.4,6.646591,3.71,3.42,25.0,403.0,4.09,1.0,3.0
ID_56143_3,ngcc,bus_284011,48.0,10.559471,21.2,3.42,144.0,2304.0,23.36,1.0,3.0
ID_56143_4,ngcc,bus_284011,48.0,10.559471,21.2,3.42,144.0,2304.0,23.36,1.0,3.0
ID_57027_CPP1,ngcc,bus_281221,50.0,10.358599,22.08,3.42,150.0,2400.0,24.33,1.0,3.0
ID_57027_CPP2,ngcc,bus_281221,50.0,10.358599,22.08,3.42,150.0,2400.0,24.33,1.0,3.0
ID_57027_CPP3,ngcc,bus_281221,50.0,10.358599,22.08,3.42,150.0,2400.0,24.33,1.0,3.0
ID_57027_CPP4,ngcc,bus_281221,50.0,10.358599,22.08,3.42,150.0,2400.0,24.33,1.0,3.0
ID_7315_2,ngcc,bus_230601,58.0,10.776375,25.62,3.42,174.0,2784.0,28.22,1.0,3.0
ID_7315_3,ngcc,bus_230601,58.0,10.776375,25.62,3.42,174.0,2784.0,28.22,1.0,3.0
ID_7315_4,ngcc,bus_230601,58.0,10.776375,25.62,3.42,174.0,2784.0,28.22,1.0,3.0
ID_56090_D190,ngcc,bus_281221,0.3,15.236403000000001,0.13,3.42,1.0,14.0,0.15,1.0,3.0
ID_56471_1,ngcc,bus_258301,49.8,9.919986999999999,22.0,3.42,149.0,2390.0,24.23,1.0,3.0
ID_57483_CTG1,ngcc,bus_230541,49.9,10.569690000000001,22.04,3.42,150.0,2395.0,24.28,1.0,3.0
ID_57483_CTG2,ngcc,bus_230541,49.9,10.569690000000001,22.04,3.42,150.0,2395.0,24.28,1.0,3.0
ID_57483_CTG3,ngcc,bus_230541,49.9,10.569690000000001,22.04,3.42,150.0,2395.0,24.28,1.0,3.0
ID_57483_CTG4,ngcc,bus_230541,49.9,10.569690000000001,22.04,3.42,150.0,2395.0,24.28,1.0,3.0
ID_58432_COG1,ngcc,bus_258301,4.4,8.652852999999999,1.94,3.42,13.0,211.0,2.14,1.0,3.0
ID_58432_COG2,ngcc,bus_258301,4.4,8.652852999999999,1.94,3.42,13.0,211.0,2.14,1.0,3.0
ID_400_11,ngcc,bus_261001,108.2,8.07037,47.79,3.42,325.0,5194.0,52.65,1.0,3.0
ID_400_12,ngcc,bus_261001,108.2,8.07037,47.79,3.42,325.0,5194.0,52.65,1.0,3.0
ID_400_13,ngcc,bus_261001,108.2,8.07037,47.79,3.42,325.0,5194.0,52.65,1.0,3.0
ID_400_14,ngcc,bus_261001,108.2,8.07037,47.79,3.42,325.0,5194.0,52.65,1.0,3.0
ID_400_15,ngcc,bus_261001,108.2,8.07037,47.79,3.42,325.0,5194.0,52.65,1.0,3.0
ID_400_16,ngcc,bus_261001,108.2,8.07037,47.79,3.42,325.0,5194.0,52.65,1.0,3.0
ID_57267_1,ngcc,bus_216471,207.0,12.804229,91.43,3.42,621.0,9936.0,100.73,1.0,3.0
ID_57267_2,ngcc,bus_216471,207.0,12.804229,91.43,3.42,621.0,9936.0,100.73,1.0,3.0
ID_57267_3,ngcc,bus_216471,207.0,12.804229,91.43,3.42,621.0,9936.0,100.73,1.0,3.0
ID_57267_4,ngcc,bus_216471,207.0,12.804229,91.43,3.42,621.0,9936.0,100.73,1.0,3.0
ID_57482_CTG1,ngcc,bus_286671,100.0,9.862557,44.17,3.42,300.0,4800.0,48.66,1.0,3.0
ID_57482_CTG2,ngcc,bus_286671,100.0,9.862557,44.17,3.42,300.0,4800.0,48.66,1.0,3.0
ID_57482_CTG3,ngcc,bus_286671,100.0,9.862557,44.17,3.42,300.0,4800.0,48.66,1.0,3.0
ID_57482_CTG4,ngcc,bus_286671,100.0,9.862557,44.17,3.42,300.0,4800.0,48.66,1.0,3.0
ID_57482_CTG5,ngcc,bus_286671,100.0,9.862557,44.17,3.42,300.0,4800.0,48.66,1.0,3.0
ID_57482_CTG6,ngcc,bus_286671,100.0,9.862557,44.17,3.42,300.0,4800.0,48.66,1.0,3.0
ID_57482_CTG7,ngcc,bus_286671,100.0,9.862557,44.17,3.42,300.0,4800.0,48.66,1.0,3.0
ID_57482_CTG8,ngcc,bus_286671,100.0,9.862557,44.17,3.42,300.0,4800.0,48.66,1.0,3.0
ID_57515_GT1,ngcc,bus_257141,100.0,9.707165000000002,44.17,3.42,300.0,4800.0,48.66,1.0,3.0
ID_57515_GT2,ngcc,bus_257141,100.0,9.707165000000002,44.17,3.42,300.0,4800.0,48.66,1.0,3.0
ID_57515_GT3,ngcc,bus_257141,100.0,9.707165000000002,44.17,3.42,300.0,4800.0,48.66,1.0,3.0
ID_57515_GT4,ngcc,bus_257141,100.0,9.707165000000002,44.17,3.42,300.0,4800.0,48.66,1.0,3.0
ID_57515_GT5,ngcc,bus_257141,100.0,9.707165000000002,44.17,3.42,300.0,4800.0,48.66,1.0,3.0
ID_58122_GEN1,ngcc,bus_232301,48.5,11.260151,21.42,3.42,146.0,2328.0,23.6,1.0,3.0
ID_58432_COG3,ngcc,bus_258301,4.4,8.652852999999999,1.94,3.42,13.0,211.0,2.14,1.0,3.0
ID_59457_QTG1,ngcc,bus_284741,4.6,10.435378,2.03,3.42,14.0,221.0,2.24,1.0,3.0
ID_55538_CTG1,ngcc,bus_283651,49.9,10.145551,22.04,3.42,150.0,2395.0,24.28,1.0,3.0
ID_58914_CG100,ngcc,bus_286671,4.6,11.937137,2.03,3.42,14.0,221.0,2.24,1.0,3.0
ID_58914_CG200,ngcc,bus_286671,4.6,11.937137,2.03,3.42,14.0,221.0,2.24,1.0,3.0
ID_50064_003,ngcc,bus_233771,4.4,12.062358,1.94,3.42,13.0,211.0,2.14,1.0,3.0
ID_50674_GEN1A,ngcc,bus_286671,1.2,8.539368,0.53,3.42,4.0,58.0,0.58,1.0,3.0
ID_58258_GEN1,ngcc,bus_254031,4.6,11.088324,2.03,3.42,14.0,221.0,2.24,1.0,3.0
ID_58258_GEN2,ngcc,bus_254031,4.6,11.088324,2.03,3.42,14.0,221.0,2.24,1.0,3.0
ID_59456_PTG5,ngcc,bus_284741,4.6,10.778238,2.03,3.42,14.0,221.0,2.24,1.0,3.0
ID_404_2,ngcc,bus_253851,163.2,11.985524999999999,72.09,3.42,490.0,7834.0,79.41,1.0,3.0
ID_271_5,ngcc,bus_216471,326.4,12.501650999999999,144.17,3.42,979.0,15667.0,158.83,1.0,3.0
ID_271_6,ngcc,bus_216471,326.4,12.501650999999999,144.17,3.42,979.0,15667.0,158.83,1.0,3.0
ID_315_3,ngcc,bus_261001,310.0,11.862572,136.93,3.42,930.0,14880.0,150.85,1.0,3.0
ID_315_4,ngcc,bus_261001,310.0,11.862572,136.93,3.42,930.0,14880.0,150.85,1.0,3.0
ID_400_1,ngcc,bus_261001,230.0,8.07037,101.59,3.42,690.0,11040.0,111.92,1.0,3.0
ID_400_2,ngcc,bus_261001,230.0,8.07037,101.59,3.42,690.0,11040.0,111.92,1.0,3.0
ID_315_5,ngcc,bus_261001,495.0,11.862572,218.64,3.42,1485.0,23760.0,240.87,1.0,3.0
ID_6013_O2,ngcc,bus_252891,59.7,8.037,26.37,3.42,179.0,2866.0,29.05,1.0,3.0
ID_315_6,ngcc,bus_261001,495.0,11.862572,218.64,3.42,1485.0,23760.0,240.87,1.0,3.0
ID_356_7,ngcc,bus_253851,495.0,12.070774,218.64,3.42,1485.0,23760.0,240.87,1.0,3.0
ID_356_8,ngcc,bus_253851,495.0,12.070774,218.64,3.42,1485.0,23760.0,240.87,1.0,3.0
ID_389_4,ngcc,bus_400011,81.6,8.425130999999999,36.04,3.42,245.0,3917.0,39.71,1.0,3.0
ID_350_1,ngcc,bus_258301,806.0,11.290652,356.01,3.42,2418.0,38688.0,392.2,1.0,3.0
ID_271_7,ngcc,bus_216471,751.1,12.501650999999999,331.76,3.42,2253.0,36053.0,365.49,1.0,3.0
ID_350_2,ngcc,bus_258301,806.0,11.290652,356.01,3.42,2418.0,38688.0,392.2,1.0,3.0
ID_54451_G1,ngcc,bus_253751,10.0,7.517816,4.42,3.42,30.0,480.0,4.87,1.0,3.0
ID_6211_GEN2,oil,bus_211651,74.5,14.395806,26.16,3.42,224.0,2235.0,46.23,1.0,1.0
ID_6211_GEN3,oil,bus_211651,74.5,14.395806,26.16,3.42,224.0,2235.0,46.23,1.0,1.0
ID_151_1,oil,bus_230601,71.2,17.92936,25.01,3.42,214.0,2136.0,44.18,1.0,1.0
ID_50024_50MW,oil,bus_233771,55.3,17.685393,19.42,3.42,166.0,1659.0,34.31,1.0,1.0
ID_6704_15,oil,bus_253751,2.8,12.76507,0.98,3.42,8.0,84.0,1.74,1.0,1.0
ID_58085_CATR1,oil,bus_261161,0.5,9.96,0.18,3.42,2.0,15.0,0.31,1.0,1.0
ID_58053_OG1,oil,bus_232301,1.3,10.545455,0.46,3.42,4.0,39.0,0.81,1.0,1.0
ID_58085_CATR2,oil,bus_261161,1.0,9.96,0.35,3.42,3.0,30.0,0.62,1.0,1.0
ID_6518_KB1,oil,bus_300011,2.5,10.706826999999999,0.88,3.42,8.0,75.0,1.55,1.0,1.0
ID_6518_KB2,oil,bus_300011,2.5,10.706826999999999,0.88,3.42,8.0,75.0,1.55,1.0,1.0
ID_6518_KB3,oil,bus_300011,2.5,10.706826999999999,0.88,3.42,8.0,75.0,1.55,1.0,1.0
ID_6518_KB4,oil,bus_300011,2.5,10.706826999999999,0.88,3.42,8.0,75.0,1.55,1.0,1.0
ID_6518_KB5,oil,bus_300011,2.5,10.706826999999999,0.88,3.42,8.0,75.0,1.55,1.0,1.0
ID_6518_KB6,oil,bus_300011,2.5,10.706826999999999,0.88,3.42,8.0,75.0,1.55,1.0,1.0
ID_58593_BS1,oil,bus_201361,0.6,10.0,0.21,3.42,2.0,18.0,0.37,1.0,1.0
ID_58593_EM1,oil,bus_201361,0.4,10.0,0.14,3.42,1.0,12.0,0.25,1.0,1.0
ID_6704_MT01,oil,bus_253751,0.1,12.76507,0.04,3.42,0.0,3.0,0.06,1.0,1.0
ID_6704_MT02,oil,bus_253751,0.1,12.76507,0.04,3.42,0.0,3.0,0.06,1.0,1.0
ID_6704_MT03,oil,bus_253751,0.1,12.76507,0.04,3.42,0.0,3.0,0.06,1.0,1.0
ID_6704_MT04,oil,bus_253751,0.1,12.76507,0.04,3.42,0.0,3.0,0.06,1.0,1.0
ID_6704_MT05,oil,bus_253751,0.1,12.76507,0.04,3.42,0.0,3.0,0.06,1.0,1.0
ID_6704_MT06,oil,bus_253751,0.1,12.76507,0.04,3.42,0.0,3.0,0.06,1.0,1.0
ID_6704_MT07,oil,bus_253751,0.1,12.76507,0.04,3.42,0.0,3.0,0.06,1.0,1.0
ID_6704_MT08,oil,bus_253751,0.1,12.76507,0.04,3.42,0.0,3.0,0.06,1.0,1.0
ID_6704_MT09,oil,bus_253751,0.1,12.76507,0.04,3.42,0.0,3.0,0.06,1.0,1.0
ID_6704_MT10,oil,bus_253751,0.1,12.76507,0.04,3.42,0.0,3.0,0.06,1.0,1.0
ID_6704_MT11,oil,bus_253751,0.1,12.76507,0.04,3.42,0.0,3.0,0.06,1.0,1.0
ID_6704_MT14,oil,bus_253751,0.1,12.76507,0.04,3.42,0.0,3.0,0.06,1.0,1.0
ID_6704_MT15,oil,bus_253751,0.1,12.76507,0.04,3.42,0.0,3.0,0.06,1.0,1.0
ID_6704_MT16,oil,bus_253751,0.1,12.76507,0.04,3.42,0.0,3.0,0.06,1.0,1.0
ID_6704_MT17,oil,bus_253751,0.1,12.76507,0.04,3.42,0.0,3.0,0.06,1.0,1.0
ID_6704_MT18,oil,bus_253751,0.1,12.76507,0.04,3.42,0.0,3.0,0.06,1.0,1.0
ID_6704_MT19,oil,bus_253751,0.1,12.76507,0.04,3.42,0.0,3.0,0.06,1.0,1.0
ID_6704_MT20,oil,bus_253751,0.1,12.76507,0.04,3.42,0.0,3.0,0.06,1.0,1.0
ID_6704_MT21,oil,bus_253751,0.1,12.76507,0.04,3.42,0.0,3.0,0.06,1.0,1.0
ID_6704_MT22,oil,bus_253751,0.1,12.76507,0.04,3.42,0.0,3.0,0.06,1.0,1.0
ID_6704_MT23,oil,bus_253751,0.1,12.76507,0.04,3.42,0.0,3.0,0.06,1.0,1.0
ID_6704_MT24,oil,bus_253751,0.1,12.76507,0.04,3.42,0.0,3.0,0.06,1.0,1.0
ID_6704_MT25,oil,bus_253751,0.1,12.76507,0.04,3.42,0.0,3.0,0.06,1.0,1.0
ID_59074_EG1A,oil,bus_233771,2.2,10.926829,0.77,3.42,7.0,66.0,1.37,1.0,1.0
ID_59074_EG1B,oil,bus_233771,2.2,10.926829,0.77,3.42,7.0,66.0,1.37,1.0,1.0
ID_59074_EG2A,oil,bus_233771,2.2,10.926829,0.77,3.42,7.0,66.0,1.37,1.0,1.0
ID_59074_EG2B,oil,bus_233771,2.2,10.926829,0.77,3.42,7.0,66.0,1.37,1.0,1.0
ID_59074_EG3A,oil,bus_233771,2.2,10.926829,0.77,3.42,7.0,66.0,1.37,1.0,1.0
ID_59074_EG3B,oil,bus_233771,2.2,10.926829,0.77,3.42,7.0,66.0,1.37,1.0,1.0
ID_59074_EG4A,oil,bus_233771,2.2,10.926829,0.77,3.42,7.0,66.0,1.37,1.0,1.0
ID_59074_EG4B,oil,bus_233771,2.2,10.926829,0.77,3.42,7.0,66.0,1.37,1.0,1.0
ID_59074_EG5A,oil,bus_233771,2.2,10.926829,0.77,3.42,7.0,66.0,1.37,1.0,1.0
ID_59074_EG5B,oil,bus_233771,2.2,10.926829,0.77,3.42,7.0,66.0,1.37,1.0,1.0
ID_59074_EG6A,oil,bus_233771,2.2,10.926829,0.77,3.42,7.0,66.0,1.37,1.0,1.0
ID_59074_EG6B,oil,bus_233771,2.2,10.926829,0.77,3.42,7.0,66.0,1.37,1.0,1.0
ID_59074_EG7A,oil,bus_233771,2.2,10.926829,0.77,3.42,7.0,66.0,1.37,1.0,1.0
ID_59074_EG7B,oil,bus_233771,2.2,10.926829,0.77,3.42,7.0,66.0,1.37,1.0,1.0
ID_59074_EG8A,oil,bus_233771,2.2,10.926829,0.77,3.42,7.0,66.0,1.37,1.0,1.0
ID_59074_EG8B,oil,bus_233771,2.2,10.926829,0.77,3.42,7.0,66.0,1.37,1.0,1.0
ID_59074_EG10B,oil,bus_233771,2.3,10.926829,0.81,3.42,7.0,69.0,1.43,1.0,1.0
ID_59074_EG11A,oil,bus_233771,2.3,10.926829,0.81,3.42,7.0,69.0,1.43,1.0,1.0
ID_59074_EG11B,oil,bus_233771,2.3,10.926829,0.81,3.42,7.0,69.0,1.43,1.0,1.0
ID_59074_EG12A,oil,bus_233771,2.3,10.926829,0.81,3.42,7.0,69.0,1.43,1.0,1.0
ID_59074_EG12B,oil,bus_233771,2.3,10.926829,0.81,3.42,7.0,69.0,1.43,1.0,1.0
ID_59074_EG13A,oil,bus_233771,2.3,10.926829,0.81,3.42,7.0,69.0,1.43,1.0,1.0
ID_59074_EG14A,oil,bus_233771,2.3,10.926829,0.81,3.42,7.0,69.0,1.43,1.0,1.0
ID_59074_EG9B,oil,bus_233771,2.3,10.926829,0.81,3.42,7.0,69.0,1.43,1.0,1.0
ID_59074_EG15A,oil,bus_233771,2.3,10.926829,0.81,3.42,7.0,69.0,1.43,1.0,1.0
ID_59074_EG15B,oil,bus_233771,2.3,10.926829,0.81,3.42,7.0,69.0,1.43,1.0,1.0
ID_59074_EG16A,oil,bus_233771,2.3,10.926829,0.81,3.42,7.0,69.0,1.43,1.0,1.0
ID_59074_EG16B,oil,bus_233771,2.3,10.926829,0.81,3.42,7.0,69.0,1.43,1.0,1.0
ID_59074_EG9A,oil,bus_233771,2.3,10.926829,0.81,3.42,7.0,69.0,1.43,1.0,1.0
ID_50388_GEN1,oil,bus_211651,27.3,9.0,9.59,3.42,82.0,819.0,16.94,1.0,1.0
ID_56530_GEN3,biomass,bus_605141,0.8,12.267566,0.27,5.41,2.0,10.0,0.75,7.0,7.0
ID_56530_GEN4,biomass,bus_605141,0.8,12.267566,0.27,5.41,2.0,10.0,0.75,7.0,7.0
ID_59143_FR1,biomass,bus_601941,3.2,12.533563000000001,1.1,5.41,10.0,38.0,2.98,7.0,7.0
ID_58574_01,biomass,bus_601941,11.3,25.644231,3.87,5.41,34.0,136.0,10.54,7.0,7.0
ID_470_3,coal,bus_606631,856.8,10.604130999999999,386.93,6.95,2570.0,110527.0,36.67,12.0,12.0
ID_470_1,coal,bus_606631,382.5,10.604130999999999,172.74,6.95,1148.0,49342.0,16.37,12.0,12.0
ID_492_7,coal,bus_606631,132.0,11.454834,59.61,6.95,396.0,17028.0,5.65,12.0,12.0
ID_470_2,coal,bus_606631,396.0,10.604130999999999,178.83,6.95,1188.0,51084.0,16.95,12.0,12.0
ID_525_2,coal,bus_701551,275.4,10.849129000000001,124.37,6.95,826.0,35527.0,11.79,12.0,12.0
ID_6021_2,coal,bus_701551,446.4,10.162569,201.59,6.95,1339.0,57586.0,19.11,12.0,12.0
ID_6021_1,coal,bus_701551,446.4,10.162569,201.59,6.95,1339.0,57586.0,19.11,12.0,12.0
ID_8219_1,coal,bus_606631,207.0,10.380308999999999,93.48,6.95,621.0,26703.0,8.86,12.0,12.0
ID_6248_1,coal,bus_605141,552.3,10.798969999999999,249.42,6.95,1657.0,71247.0,23.64,12.0,12.0
ID_6021_3,coal,bus_701551,534.8,10.162569,241.52,6.95,1604.0,68989.0,22.89,12.0,12.0
ID_6761_1,coal,bus_601941,293.6,10.117040000000001,132.59,6.95,881.0,37874.0,12.57,12.0,12.0
ID_527_ST4,coal,bus_600001,79.3,12.386370000000001,35.81,6.95,238.0,10230.0,3.39,12.0,12.0
ID_58081_ATB2,coal,bus_605141,3.0,11.373522999999999,1.35,6.95,9.0,387.0,0.13,12.0,12.0
ID_527_1,coal,bus_600001,11.5,12.386370000000001,5.19,6.95,34.0,1484.0,0.49,12.0,12.0
ID_527_2,coal,bus_600001,11.5,12.386370000000001,5.19,6.95,34.0,1484.0,0.49,12.0,12.0
ID_527_3,coal,bus_600001,11.5,12.386370000000001,5.19,6.95,34.0,1484.0,0.49,12.0,12.0
ID_525_1,coal,bus_701551,190.0,10.849129000000001,85.8,6.95,570.0,24510.0,8.13,12.0,12.0
ID_469_4,coal,bus_605141,380.8,10.027411,171.97,6.95,1142.0,49123.0,16.3,12.0,12.0
ID_492_6,coal,bus_606631,75.0,11.454834,33.87,6.95,225.0,9675.0,3.21,12.0,12.0
ID_50707_LMB,ngcc,bus_601941,58.5,6.5,25.84,3.42,176.0,2808.0,28.47,1.0,3.0
ID_50707_LMC,ngcc,bus_601941,58.5,6.5,25.84,3.42,176.0,2808.0,28.47,1.0,3.0
ID_50707_LMD,ngcc,bus_601941,58.5,6.5,25.84,3.42,176.0,2808.0,28.47,1.0,3.0
ID_50707_LME,ngcc,bus_601941,58.5,6.5,25.84,3.42,176.0,2808.0,28.47,1.0,3.0
ID_50707_STA,ngcc,bus_601941,52.2,6.5,23.06,3.42,157.0,2506.0,25.4,1.0,3.0
ID_50707_STB,ngcc,bus_601941,52.2,6.5,23.06,3.42,157.0,2506.0,25.4,1.0,3.0
ID_6112_2,ngcc,bus_601941,175.1,7.91464,77.34,3.42,525.0,8405.0,85.2,1.0,3.0
ID_6112_1,ngcc,bus_601941,342.6,7.91464,151.33,3.42,1028.0,16445.0,166.71,1.0,3.0
ID_6112_3,ngcc,bus_601941,175.1,7.91464,77.34,3.42,525.0,8405.0,85.2,1.0,3.0
ID_10682_GT5,ngcc,bus_605141,23.8,11.670378000000001,10.51,3.42,71.0,1142.0,11.58,1.0,3.0
ID_55200_UN5,ngcc,bus_605141,71.1,6.903974,31.4,3.42,213.0,3413.0,34.6,1.0,3.0
ID_55200_UN6,ngcc,bus_605141,71.1,6.903974,31.4,3.42,213.0,3413.0,34.6,1.0,3.0
ID_6112_4,ngcc,bus_601941,175.1,7.91464,77.34,3.42,525.0,8405.0,85.2,1.0,3.0
ID_10682_ST4,ngcc,bus_605141,90.0,11.670378000000001,39.75,3.42,270.0,4320.0,43.79,1.0,3.0
ID_55200_UN7,ngcc,bus_605141,51.8,6.903974,22.88,3.42,155.0,2486.0,25.21,1.0,3.0
ID_55283_1,ngcc,bus_606631,154.0,6.5,68.02,3.42,462.0,7392.0,74.94,1.0,3.0
ID_55283_2,ngcc,bus_606631,154.0,6.5,68.02,3.42,462.0,7392.0,74.94,1.0,3.0
ID_55283_3,ngcc,bus_606631,233.0,6.5,102.92,3.42,699.0,11184.0,113.38,1.0,3.0
ID_55835_CTG1,ngcc,bus_605141,175.1,6.915584,77.34,3.42,525.0,8405.0,85.2,1.0,3.0
ID_55835_CTG2,ngcc,bus_605141,175.1,6.915584,77.34,3.42,525.0,8405.0,85.2,1.0,3.0
ID_55835_STG1,ngcc,bus_605141,334.9,6.915584,147.93,3.42,1005.0,16075.0,162.96,1.0,3.0
ID_56998_4,ngcc,bus_606631,40.0,6.553765,17.67,3.42,120.0,1920.0,19.46,1.0,3.0
ID_56998_43,ngcc,bus_606631,20.0,6.553765,8.83,3.42,60.0,960.0,9.73,1.0,3.0
ID_56998_5,ngcc,bus_606631,40.0,6.553765,17.67,3.42,120.0,1920.0,19.46,1.0,3.0
ID_56998_53,ngcc,bus_606631,20.0,6.553765,8.83,3.42,60.0,960.0,9.73,1.0,3.0
ID_56998_6,ngcc,bus_606631,40.0,6.553765,17.67,3.42,120.0,1920.0,19.46,1.0,3.0
ID_56998_7,ngcc,bus_606631,40.0,6.553765,17.67,3.42,120.0,1920.0,19.46,1.0,3.0
ID_469_5,ngcc,bus_605141,185.3,8.083844000000001,81.85,3.42,556.0,8894.0,90.17,1.0,3.0
ID_469_6,ngcc,bus_605141,185.3,8.083844000000001,81.85,3.42,556.0,8894.0,90.17,1.0,3.0
ID_469_7,ngcc,bus_605141,255.0,8.083844000000001,112.63,3.42,765.0,12240.0,124.08,1.0,3.0
ID_55453_S3,ngcc,bus_606631,38.0,10.934897999999999,16.78,3.42,114.0,1824.0,18.49,1.0,3.0
ID_55453_S4,ngcc,bus_606631,38.0,10.934897999999999,16.78,3.42,114.0,1824.0,18.49,1.0,3.0
ID_55453_S5,ngcc,bus_606631,38.0,10.934897999999999,16.78,3.42,114.0,1824.0,18.49,1.0,3.0
ID_55453_S6,ngcc,bus_606631,38.0,10.934897999999999,16.78,3.42,114.0,1824.0,18.49,1.0,3.0
ID_6761_A,ngcc,bus_601941,89.3,11.163053,39.44,3.42,268.0,4286.0,43.45,1.0,3.0
ID_6761_B,ngcc,bus_601941,89.3,11.163053,39.44,3.42,268.0,4286.0,43.45,1.0,3.0
ID_6761_C,ngcc,bus_601941,89.3,11.163053,39.44,3.42,268.0,4286.0,43.45,1.0,3.0
ID_55504_L1,ngcc,bus_605141,77.1,11.902459,34.06,3.42,231.0,3701.0,37.52,1.0,3.0
ID_55504_L2,ngcc,bus_605141,77.1,11.902459,34.06,3.42,231.0,3701.0,37.52,1.0,3.0
ID_55505_BR1,ngcc,bus_605141,77.1,10.948891,34.06,3.42,231.0,3701.0,37.52,1.0,3.0
ID_55505_BR2,ngcc,bus_605141,77.1,10.948891,34.06,3.42,231.0,3701.0,37.52,1.0,3.0
ID_55650_GE11,ngcc,bus_601941,5.7,10.612630999999999,2.52,3.42,17.0,274.0,2.77,1.0,3.0
ID_55650_GE12,ngcc,bus_601941,5.7,10.612630999999999,2.52,3.42,17.0,274.0,2.77,1.0,3.0
ID_55650_GE13,ngcc,bus_601941,5.7,10.612630999999999,2.52,3.42,17.0,274.0,2.77,1.0,3.0
ID_55650_GE14,ngcc,bus_601941,5.7,10.612630999999999,2.52,3.42,17.0,274.0,2.77,1.0,3.0
ID_55650_GE15,ngcc,bus_601941,5.7,10.612630999999999,2.52,3.42,17.0,274.0,2.77,1.0,3.0
ID_55650_GE16,ngcc,bus_601941,5.7,10.612630999999999,2.52,3.42,17.0,274.0,2.77,1.0,3.0
ID_55650_GE17,ngcc,bus_601941,5.7,10.612630999999999,2.52,3.42,17.0,274.0,2.77,1.0,3.0
ID_55650_GE18,ngcc,bus_601941,5.7,10.612630999999999,2.52,3.42,17.0,274.0,2.77,1.0,3.0
ID_55650_GE19,ngcc,bus_601941,5.7,10.612630999999999,2.52,3.42,17.0,274.0,2.77,1.0,3.0
ID_55650_GE20,ngcc,bus_601941,5.7,10.612630999999999,2.52,3.42,17.0,274.0,2.77,1.0,3.0
ID_55650_GEN1,ngcc,bus_601941,5.7,10.612630999999999,2.52,3.42,17.0,274.0,2.77,1.0,3.0
ID_55650_GEN2,ngcc,bus_601941,5.7,10.612630999999999,2.52,3.42,17.0,274.0,2.77,1.0,3.0
ID_55650_GEN3,ngcc,bus_601941,5.7,10.612630999999999,2.52,3.42,17.0,274.0,2.77,1.0,3.0
ID_55650_GEN4,ngcc,bus_601941,5.7,10.612630999999999,2.52,3.42,17.0,274.0,2.77,1.0,3.0
ID_55650_GEN5,ngcc,bus_601941,5.7,10.612630999999999,2.52,3.42,17.0,274.0,2.77,1.0,3.0
ID_55650_GEN6,ngcc,bus_601941,5.7,10.612630999999999,2.52,3.42,17.0,274.0,2.77,1.0,3.0
ID_55650_GEN7,ngcc,bus_601941,5.7,10.612630999999999,2.52,3.42,17.0,274.0,2.77,1.0,3.0
ID_55650_GEN8,ngcc,bus_601941,5.7,10.612630999999999,2.52,3.42,17.0,274.0,2.77,1.0,3.0
ID_55650_GEN9,ngcc,bus_601941,5.7,10.612630999999999,2.52,3.42,17.0,274.0,2.77,1.0,3.0
ID_55645_CT01,ngcc,bus_605141,198.9,11.372502,87.85,3.42,597.0,9547.0,96.78,1.0,3.0
ID_55645_CT02,ngcc,bus_605141,198.9,11.372502,87.85,3.42,597.0,9547.0,96.78,1.0,3.0
ID_6761_D,ngcc,bus_601941,89.3,11.163053,39.44,3.42,268.0,4286.0,43.45,1.0,3.0
ID_56445_GEN1,ngcc,bus_601941,197.0,10.887969,87.01,3.42,591.0,9456.0,95.86,1.0,3.0
ID_56445_GEN2,ngcc,bus_601941,197.0,10.887969,87.01,3.42,591.0,9456.0,95.86,1.0,3.0
ID_6761_F,ngcc,bus_601941,149.6,11.163053,66.08,3.42,449.0,7181.0,72.8,1.0,3.0
ID_56516_2G01,ngcc,bus_601941,8.4,9.552925,3.71,3.42,25.0,403.0,4.09,1.0,3.0
ID_56516_2G02,ngcc,bus_601941,8.4,9.552925,3.71,3.42,25.0,403.0,4.09,1.0,3.0
ID_56516_2G03,ngcc,bus_601941,8.4,9.552925,3.71,3.42,25.0,403.0,4.09,1.0,3.0
ID_56516_2G04,ngcc,bus_601941,8.4,9.552925,3.71,3.42,25.0,403.0,4.09,1.0,3.0
ID_56516_2G05,ngcc,bus_601941,8.4,9.552925,3.71,3.42,25.0,403.0,4.09,1.0,3.0
ID_56516_2G06,ngcc,bus_601941,8.4,9.552925,3.71,3.42,25.0,403.0,4.09,1.0,3.0
ID_56516_2G07,ngcc,bus_601941,8.4,9.552925,3.71,3.42,25.0,403.0,4.09,1.0,3.0
ID_56516_2G08,ngcc,bus_601941,8.4,9.552925,3.71,3.42,25.0,403.0,4.09,1.0,3.0
ID_56516_2G09,ngcc,bus_601941,8.4,9.552925,3.71,3.42,25.0,403.0,4.09,1.0,3.0
ID_56516_2G10,ngcc,bus_601941,8.4,9.552925,3.71,3.42,25.0,403.0,4.09,1.0,3.0
ID_56516_2G11,ngcc,bus_601941,8.4,9.552925,3.71,3.42,25.0,403.0,4.09,1.0,3.0
ID_56516_2G12,ngcc,bus_601941,8.4,9.552925,3.71,3.42,25.0,403.0,4.09,1.0,3.0
ID_56516_2G13,ngcc,bus_601941,8.4,9.552925,3.71,3.42,25.0,403.0,4.09,1.0,3.0
ID_56516_2G14,ngcc,bus_601941,8.4,9.552925,3.71,3.42,25.0,403.0,4.09,1.0,3.0
ID_6112_5,ngcc,bus_601941,140.3,7.91464,61.97,3.42,421.0,6734.0,68.27,1.0,3.0
ID_6112_6,ngcc,bus_601941,140.3,7.91464,61.97,3.42,421.0,6734.0,68.27,1.0,3.0
ID_56998_GT1,ngcc,bus_606631,100.0,6.553765,44.17,3.42,300.0,4800.0,48.66,1.0,3.0
ID_56998_GT2,ngcc,bus_606631,100.0,6.553765,44.17,3.42,300.0,4800.0,48.66,1.0,3.0
ID_493_1,ngcc,bus_606631,17.3,15.92243,7.64,3.42,52.0,830.0,8.42,1.0,3.0
ID_493_2,ngcc,bus_606631,18.8,15.92243,8.3,3.42,56.0,902.0,9.15,1.0,3.0
ID_493_3,ngcc,bus_606631,23.5,15.92243,10.38,3.42,70.0,1128.0,11.44,1.0,3.0
ID_6619_1,oil,bus_605141,64.7,12.646884,22.72,3.42,194.0,1941.0,40.15,1.0,1.0
ID_6619_2,oil,bus_605141,64.7,12.646884,22.72,3.42,194.0,1941.0,40.15,1.0,1.0
ID_511_5,oil,bus_605771,1.8,9.396505999999999,0.63,3.42,5.0,54.0,1.12,1.0,1.0
ID_511_6,oil,bus_605771,1.8,9.396505999999999,0.63,3.42,5.0,54.0,1.12,1.0,1.0
ID_511_7,oil,bus_605771,1.8,9.396505999999999,0.63,3.42,5.0,54.0,1.12,1.0,1.0
ID_7995_IC1,oil,bus_606631,2.5,9.96,0.88,3.42,8.0,75.0,1.55,1.0,1.0
ID_7995_IC2,oil,bus_606631,2.5,9.96,0.88,3.42,8.0,75.0,1.55,1.0,1.0
ID_7995_IC3,oil,bus_606631,2.5,9.96,0.88,3.42,8.0,75.0,1.55,1.0,1.0
ID_7995_IC4,oil,bus_606631,2.5,9.96,0.88,3.42,8.0,75.0,1.55,1.0,1.0
ID_502_CAT,oil,bus_606631,1.8,13.227272999999999,0.63,3.42,5.0,54.0,1.12,1.0,1.0
ID_57861_UNT2,biomass,bus_740011,1.5,10.63302,0.51,5.41,4.0,18.0,1.4,7.0,7.0
ID_57344_GS2,biomass,bus_500071,0.8,9.0,0.27,5.41,2.0,10.0,0.75,7.0,7.0
ID_57344_GS3,biomass,bus_500071,0.8,9.0,0.27,5.41,2.0,10.0,0.75,7.0,7.0
ID_57343_1,biomass,bus_741041,1.1,10.057752,0.38,5.41,3.0,13.0,1.03,7.0,7.0
ID_57343_2,biomass,bus_741041,1.1,10.057752,0.38,5.41,3.0,13.0,1.03,7.0,7.0
ID_57393_GEN1,biomass,bus_741041,0.8,12.066895,0.27,5.41,2.0,10.0,0.75,7.0,7.0
ID_57393_GEN2,biomass,bus_741041,0.8,12.066895,0.27,5.41,2.0,10.0,0.75,7.0,7.0
ID_57345_1,biomass,bus_700001,0.9,11.605298000000001,0.31,5.41,3.0,11.0,0.84,7.0,7.0
ID_57345_2,biomass,bus_700001,0.9,11.605298000000001,0.31,5.41,3.0,11.0,0.84,7.0,7.0
ID_57425_1,biomass,bus_741041,1.5,11.373343,0.51,5.41,4.0,18.0,1.4,7.0,7.0
ID_57425_2,biomass,bus_741041,1.5,11.373343,0.51,5.41,4.0,18.0,1.4,7.0,7.0
ID_57425_3,biomass,bus_741041,1.5,11.373343,0.51,5.41,4.0,18.0,1.4,7.0,7.0
ID_57902_G123,biomass,bus_106771,1.6,11.176772000000001,0.55,5.41,5.0,19.0,1.49,7.0,7.0
ID_57902_G162,biomass,bus_106771,1.6,11.176772000000001,0.55,5.41,5.0,19.0,1.49,7.0,7.0
ID_58142_CHP1,biomass,bus_741041,1.6,12.909597,0.55,5.41,5.0,19.0,1.49,7.0,7.0
ID_58142_CHP2,biomass,bus_741041,1.6,12.909597,0.55,5.41,5.0,19.0,1.49,7.0,7.0
ID_58967_UNIT1,biomass,bus_741041,0.8,13.5,0.27,5.41,2.0,10.0,0.75,7.0,7.0
ID_58967_UNIT2,biomass,bus_741041,0.8,13.5,0.27,5.41,2.0,10.0,0.75,7.0,7.0
ID_58967_UNIT3,biomass,bus_741041,0.8,13.5,0.27,5.41,2.0,10.0,0.75,7.0,7.0
ID_58968_UNIT1,biomass,bus_741041,1.5,13.5,0.51,5.41,4.0,18.0,1.4,7.0,7.0
ID_58968_UNIT2,biomass,bus_741041,1.5,13.5,0.51,5.41,4.0,18.0,1.4,7.0,7.0
ID_58968_UNIT3,biomass,bus_741041,1.5,13.5,0.51,5.41,4.0,18.0,1.4,7.0,7.0
ID_58969_UNIT1,biomass,bus_741041,0.8,13.5,0.27,5.41,2.0,10.0,0.75,7.0,7.0
ID_58969_UNIT2,biomass,bus_741041,0.8,13.5,0.27,5.41,2.0,10.0,0.75,7.0,7.0
ID_58970_UNIT1,biomass,bus_741041,1.1,13.5,0.38,5.41,3.0,13.0,1.03,7.0,7.0
ID_58970_UNIT2,biomass,bus_741041,1.1,13.5,0.38,5.41,3.0,13.0,1.03,7.0,7.0
ID_58970_UNIT3,biomass,bus_741041,1.1,13.5,0.38,5.41,3.0,13.0,1.03,7.0,7.0
ID_59529_GEN1,biomass,bus_501961,1.6,10.807164,0.55,5.41,5.0,19.0,1.49,7.0,7.0
ID_55179_CTG1,ngcc,bus_106771,179.4,6.5,79.24,3.42,538.0,8611.0,87.3,1.0,3.0
ID_55179_STG1,ngcc,bus_106771,122.1,6.5,53.93,3.42,366.0,5861.0,59.41,1.0,3.0
ID_57028_GTG,ngcc,bus_740011,187.0,6.950274,82.6,3.42,561.0,8976.0,90.99,1.0,3.0
ID_57028_STG,ngcc,bus_740011,131.5,6.950274,58.08,3.42,394.0,6312.0,63.99,1.0,3.0
ID_7456_2,ngcc,bus_106771,83.2,12.169584,36.75,3.42,250.0,3994.0,40.49,1.0,3.0
ID_7953_3,ngcc,bus_741041,45.9,10.224782,20.27,3.42,138.0,2203.0,22.33,1.0,3.0
ID_55733_1,ngcc,bus_741041,172.8,10.424633,76.33,3.42,518.0,8294.0,84.08,1.0,3.0
ID_7953_1,ngcc,bus_741041,179.1,10.224782,79.11,3.42,537.0,8597.0,87.15,1.0,3.0
ID_817_1,oil,bus_741321,2.5,9.0,0.88,3.42,8.0,75.0,1.55,1.0,1.0
ID_817_2,oil,bus_741321,2.5,9.0,0.88,3.42,8.0,75.0,1.55,1.0,1.0
ID_58523_STL2,biomass,bus_771731,3.8,25.883229,1.3,5.41,11.0,46.0,3.54,7.0,7.0
ID_6076_3,coal,bus_772611,778.0,10.683544,351.34,6.95,2334.0,100362.0,33.3,12.0,12.0
ID_6076_4,coal,bus_772611,778.0,10.683544,351.34,6.95,2334.0,100362.0,33.3,12.0,12.0
ID_10784_GEN1,coal,bus_772611,46.1,13.58846,20.82,6.95,138.0,5947.0,1.97,12.0,12.0
ID_55749_UNT1,coal,bus_772611,115.7,12.349112,52.25,6.95,347.0,14925.0,4.95,12.0,12.0
ID_55866_3,ngcc,bus_741321,6.1,9.401755,2.69,3.42,18.0,293.0,2.97,1.0,3.0
ID_55866_4,ngcc,bus_741321,6.1,9.401755,2.69,3.42,18.0,293.0,2.97,1.0,3.0
ID_55866_5,ngcc,bus_741321,6.1,9.401755,2.69,3.42,18.0,293.0,2.97,1.0,3.0
ID_55866_6,ngcc,bus_741321,6.1,9.401755,2.69,3.42,18.0,293.0,2.97,1.0,3.0
ID_55866_7,ngcc,bus_741321,6.1,9.401755,2.69,3.42,18.0,293.0,2.97,1.0,3.0
ID_55866_8,ngcc,bus_741321,6.1,9.401755,2.69,3.42,18.0,293.0,2.97,1.0,3.0
ID_55866_9,ngcc,bus_741321,6.1,9.401755,2.69,3.42,18.0,293.0,2.97,1.0,3.0
ID_56606_01,ngcc,bus_770011,91.0,9.611642,40.19,3.42,273.0,4368.0,44.28,1.0,3.0
ID_56908_1,ngcc,bus_741321,67.7,11.796346999999999,29.9,3.42,203.0,3250.0,32.94,1.0,3.0
ID_56908_2,ngcc,bus_741321,67.7,11.796346999999999,29.9,3.42,203.0,3250.0,32.94,1.0,3.0
ID_56908_3,ngcc,bus_741321,67.7,11.796346999999999,29.9,3.42,203.0,3250.0,32.94,1.0,3.0
ID_56496_3701,ngcc,bus_700161,1.6,8.037,0.71,3.42,5.0,77.0,0.78,1.0,3.0
ID_57166_GEN1,biomass,bus_300011,1.6,10.993267,0.55,5.41,5.0,19.0,1.49,7.0,7.0
ID_57166_GEN2,biomass,bus_300011,1.6,10.993267,0.55,5.41,5.0,19.0,1.49,7.0,7.0
ID_8224_1,coal,bus_741041,277.2,11.517671,125.18,6.95,832.0,35759.0,11.86,12.0,12.0
ID_8224_2,coal,bus_741041,289.8,11.517671,130.87,6.95,869.0,37384.0,12.4,12.0,12.0
ID_56224_001,coal,bus_741041,242.0,10.743804,109.29,6.95,726.0,31218.0,10.36,12.0,12.0
ID_54349_STM,ngcc,bus_302201,29.7,6.5,13.12,3.42,89.0,1426.0,14.45,1.0,3.0
ID_54350_STM,ngcc,bus_303741,29.7,6.5,13.12,3.42,89.0,1426.0,14.45,1.0,3.0
ID_2322_9,ngcc,bus_302071,104.4,8.225179,46.11,3.42,313.0,5011.0,50.8,1.0,3.0
ID_2322_10,ngcc,bus_302071,104.4,8.225179,46.11,3.42,313.0,5011.0,50.8,1.0,3.0
ID_2336_4,ngcc,bus_300011,69.7,9.810763999999999,30.79,3.42,209.0,3346.0,33.92,1.0,3.0
ID_10761_GEN1,ngcc,bus_302211,49.8,6.5,22.0,3.42,149.0,2390.0,24.23,1.0,3.0
ID_2336_5,ngcc,bus_300011,50.2,9.810763999999999,22.17,3.42,151.0,2410.0,24.43,1.0,3.0
ID_55077_ED01,ngcc,bus_302071,170.0,6.5,75.09,3.42,510.0,8160.0,82.72,1.0,3.0
ID_55077_ED02,ngcc,bus_302071,170.0,6.5,75.09,3.42,510.0,8160.0,82.72,1.0,3.0
ID_55077_ED03,ngcc,bus_302071,196.0,6.5,86.57,3.42,588.0,9408.0,95.37,1.0,3.0
ID_10761_GEN3,ngcc,bus_302211,60.5,6.5,26.72,3.42,182.0,2904.0,29.44,1.0,3.0
ID_10761_GEN4,ngcc,bus_302211,60.5,6.5,26.72,3.42,182.0,2904.0,29.44,1.0,3.0
ID_10761_GEN5,ngcc,bus_302211,60.5,6.5,26.72,3.42,182.0,2904.0,29.44,1.0,3.0
ID_10761_GEN6,ngcc,bus_302211,60.5,6.5,26.72,3.42,182.0,2904.0,29.44,1.0,3.0
ID_10761_GEN7,ngcc,bus_302211,27.8,6.5,12.28,3.42,83.0,1334.0,13.53,1.0,3.0
ID_10761_GEN8,ngcc,bus_302211,27.8,6.5,12.28,3.42,83.0,1334.0,13.53,1.0,3.0
ID_55514_CTG1,ngcc,bus_303741,174.0,6.5,76.86,3.42,522.0,8352.0,84.67,1.0,3.0
ID_55514_CTG2,ngcc,bus_303741,174.0,6.5,76.86,3.42,522.0,8352.0,84.67,1.0,3.0
ID_55514_STG1,ngcc,bus_303741,252.6,6.5,111.57,3.42,758.0,12125.0,122.92,1.0,3.0
ID_55687_A01,ngcc,bus_302071,178.0,6.502773,78.62,3.42,534.0,8544.0,86.61,1.0,3.0
ID_55687_A02,ngcc,bus_302071,178.0,6.502773,78.62,3.42,534.0,8544.0,86.61,1.0,3.0
ID_55687_ST1,ngcc,bus_302071,332.4,6.502773,146.82,3.42,997.0,15955.0,161.75,1.0,3.0
ID_55841_CT1,ngcc,bus_303741,197.2,6.5,87.1,3.42,592.0,9466.0,95.96,1.0,3.0
ID_55841_CT2,ngcc,bus_303741,197.2,6.5,87.1,3.42,592.0,9466.0,95.96,1.0,3.0
ID_55841_ST1,ngcc,bus_303741,270.3,6.5,119.39,3.42,811.0,12974.0,131.53,1.0,3.0
ID_55322_CTG1,ngcc,bus_303741,201.5,6.5,89.0,3.42,604.0,9672.0,98.05,1.0,3.0
ID_55322_CTG2,ngcc,bus_303741,201.5,6.5,89.0,3.42,604.0,9672.0,98.05,1.0,3.0
ID_55322_CTG3,ngcc,bus_303741,201.5,6.5,89.0,3.42,604.0,9672.0,98.05,1.0,3.0
ID_55322_CTG4,ngcc,bus_303741,201.5,6.5,89.0,3.42,604.0,9672.0,98.05,1.0,3.0
ID_55322_ST1,ngcc,bus_303741,329.8,6.5,145.67,3.42,989.0,15830.0,160.48,1.0,3.0
ID_55322_ST2,ngcc,bus_303741,329.8,6.5,145.67,3.42,989.0,15830.0,160.48,1.0,3.0
ID_2336_10,ngcc,bus_300011,312.0,9.810763999999999,137.81,3.42,936.0,14976.0,151.82,1.0,3.0
ID_2336_8,ngcc,bus_300011,155.6,9.810763999999999,68.73,3.42,467.0,7469.0,75.71,1.0,3.0
ID_2336_9,ngcc,bus_300011,155.6,9.810763999999999,68.73,3.42,467.0,7469.0,75.71,1.0,3.0
ID_7082_5,ngcc,bus_303741,167.5,7.544017,73.98,3.42,502.0,8040.0,81.51,1.0,3.0
ID_7082_6,ngcc,bus_303741,167.5,7.544017,73.98,3.42,502.0,8040.0,81.51,1.0,3.0
ID_7082_7,ngcc,bus_303741,223.5,7.544017,98.72,3.42,670.0,10728.0,108.76,1.0,3.0
ID_7082_GT1,ngcc,bus_303741,101.5,7.544017,44.83,3.42,304.0,4872.0,49.39,1.0,3.0
ID_55494_CT3,ngcc,bus_300011,64.0,8.037,28.27,3.42,192.0,3072.0,31.14,1.0,3.0
ID_55494_CT4,ngcc,bus_300011,64.0,8.037,28.27,3.42,192.0,3072.0,31.14,1.0,3.0
ID_55494_CT5,ngcc,bus_300011,62.0,8.037,27.39,3.42,186.0,2976.0,30.17,1.0,3.0
ID_55494_CT6,ngcc,bus_300011,62.0,8.037,27.39,3.42,186.0,2976.0,30.17,1.0,3.0
ID_56500_B102,ngcc,bus_300011,8.4,8.873644,3.71,3.42,25.0,403.0,4.09,1.0,3.0
ID_56500_B202,ngcc,bus_300011,8.4,8.873644,3.71,3.42,25.0,403.0,4.09,1.0,3.0
ID_56500_C102,ngcc,bus_300011,8.4,8.873644,3.71,3.42,25.0,403.0,4.09,1.0,3.0
ID_56500_C202,ngcc,bus_300011,8.4,8.873644,3.71,3.42,25.0,403.0,4.09,1.0,3.0
ID_56500_D101,ngcc,bus_300011,8.4,8.873644,3.71,3.42,25.0,403.0,4.09,1.0,3.0
ID_56500_E102,ngcc,bus_300011,8.4,8.873644,3.71,3.42,25.0,403.0,4.09,1.0,3.0
ID_56500_E202,ngcc,bus_300011,8.4,8.873644,3.71,3.42,25.0,403.0,4.09,1.0,3.0
ID_56500_F102,ngcc,bus_300011,8.4,8.873644,3.71,3.42,25.0,403.0,4.09,1.0,3.0
ID_56500_F202,ngcc,bus_300011,8.4,8.873644,3.71,3.42,25.0,403.0,4.09,1.0,3.0
ID_56500_G102,ngcc,bus_300011,8.4,8.873644,3.71,3.42,25.0,403.0,4.09,1.0,3.0
ID_56500_G202,ngcc,bus_300011,8.4,8.873644,3.71,3.42,25.0,403.0,4.09,1.0,3.0
ID_56500_H102,ngcc,bus_300011,8.4,8.873644,3.71,3.42,25.0,403.0,4.09,1.0,3.0
ID_56500_H202,ngcc,bus_300011,8.4,8.873644,3.71,3.42,25.0,403.0,4.09,1.0,3.0
ID_7082_GT4,ngcc,bus_303741,85.0,7.544017,37.54,3.42,255.0,4080.0,41.36,1.0,3.0
ID_2322_11,ngcc,bus_302071,60.5,8.225179,26.72,3.42,182.0,2904.0,29.44,1.0,3.0
ID_2322_12,ngcc,bus_302071,60.5,8.225179,26.72,3.42,182.0,2904.0,29.44,1.0,3.0
ID_2322_13,ngcc,bus_302071,60.5,8.225179,26.72,3.42,182.0,2904.0,29.44,1.0,3.0
ID_2322_14,ngcc,bus_302071,60.5,8.225179,26.72,3.42,182.0,2904.0,29.44,1.0,3.0
ID_2322_15,ngcc,bus_302071,60.5,8.225179,26.72,3.42,182.0,2904.0,29.44,1.0,3.0
ID_2322_16,ngcc,bus_302071,60.5,8.225179,26.72,3.42,182.0,2904.0,29.44,1.0,3.0
ID_2322_17,ngcc,bus_302071,60.5,8.225179,26.72,3.42,182.0,2904.0,29.44,1.0,3.0
ID_2322_18,ngcc,bus_302071,60.5,8.225179,26.72,3.42,182.0,2904.0,29.44,1.0,3.0
ID_2322_19,ngcc,bus_302071,60.5,8.225179,26.72,3.42,182.0,2904.0,29.44,1.0,3.0
ID_2322_20,ngcc,bus_302071,60.5,8.225179,26.72,3.42,182.0,2904.0,29.44,1.0,3.0
ID_2322_21,ngcc,bus_302071,58.9,8.225179,26.02,3.42,177.0,2827.0,28.66,1.0,3.0
ID_2322_22,ngcc,bus_302071,60.5,8.225179,26.72,3.42,182.0,2904.0,29.44,1.0,3.0
ID_57348_UNITA,ngcc,bus_301461,4.3,11.103462,1.9,3.42,13.0,206.0,2.09,1.0,3.0
ID_57348_UNITB,ngcc,bus_301461,4.3,11.103462,1.9,3.42,13.0,206.0,2.09,1.0,3.0
ID_2330_1,ngcc,bus_300011,115.0,11.556861999999999,50.8,3.42,345.0,5520.0,55.96,1.0,3.0
ID_2330_2,ngcc,bus_300011,115.0,11.556861999999999,50.8,3.42,345.0,5520.0,55.96,1.0,3.0
ID_2336_3,ngcc,bus_300011,119.8,9.810763999999999,52.92,3.42,359.0,5750.0,58.29,1.0,3.0
ID_6510_1,oil,bus_300011,2.0,9.96,0.7,3.42,6.0,60.0,1.24,1.0,1.0
ID_6510_2,oil,bus_300011,2.0,9.96,0.7,3.42,6.0,60.0,1.24,1.0,1.0
ID_6510_3,oil,bus_300011,2.0,9.96,0.7,3.42,6.0,60.0,1.24,1.0,1.0
ID_2442_5,coal,bus_532171,818.1,9.755695,369.45,6.95,2454.0,105535.0,35.01,12.0,12.0
ID_2451_1,coal,bus_532171,369.0,11.206158,166.64,6.95,1107.0,47601.0,15.79,12.0,12.0
ID_2451_4,coal,bus_532171,555.0,11.206158,250.64,6.95,1665.0,71595.0,23.75,12.0,12.0
ID_87_1,coal,bus_406911,257.0,10.952596999999999,116.06,6.95,771.0,33153.0,11.0,12.0,12.0
ID_2442_4,coal,bus_532171,818.1,9.755695,369.45,6.95,2454.0,105535.0,35.01,12.0,12.0
ID_55210_0001,ngcc,bus_800071,177.0,7.958618,78.18,3.42,531.0,8496.0,86.13,1.0,3.0
ID_55977_STG1,ngcc,bus_532171,27.0,7.4576530000000005,11.93,3.42,81.0,1296.0,13.14,1.0,3.0
ID_55343_CTG1,ngcc,bus_800071,175.0,6.5,77.3,3.42,525.0,8400.0,85.16,1.0,3.0
ID_55343_CTG2,ngcc,bus_800071,175.0,6.5,77.3,3.42,525.0,8400.0,85.16,1.0,3.0
ID_55343_STG1,ngcc,bus_800071,300.0,6.5,132.51,3.42,900.0,14400.0,145.98,1.0,3.0
ID_55210_0002,ngcc,bus_800071,110.0,7.958618,48.59,3.42,330.0,5280.0,53.53,1.0,3.0
ID_56458_GT1,ngcc,bus_530121,196.9,6.5,86.97,3.42,591.0,9451.0,95.81,1.0,3.0
ID_56458_GT2,ngcc,bus_530121,196.9,6.5,86.97,3.42,591.0,9451.0,95.81,1.0,3.0
ID_56458_ST3,ngcc,bus_530121,264.6,6.5,116.87,3.42,794.0,12701.0,128.75,1.0,3.0
ID_2454_4,ngcc,bus_530121,126.9,11.20155,56.05,3.42,381.0,6091.0,61.75,1.0,3.0
ID_55039_GT1,ngcc,bus_530001,150.0,11.902154000000001,66.26,3.42,450.0,7200.0,72.99,1.0,3.0
ID_7967_GT2,ngcc,bus_408811,44.0,11.688587,19.43,3.42,132.0,2112.0,21.41,1.0,3.0
ID_7975_1,ngcc,bus_800071,46.5,10.149214,20.54,3.42,140.0,2232.0,22.63,1.0,3.0
ID_7975_2,ngcc,bus_800071,46.5,10.149214,20.54,3.42,140.0,2232.0,22.63,1.0,3.0
ID_7975_3,ngcc,bus_800071,46.5,10.149214,20.54,3.42,140.0,2232.0,22.63,1.0,3.0
ID_7975_4,ngcc,bus_800071,46.5,10.149214,20.54,3.42,140.0,2232.0,22.63,1.0,3.0
ID_55802_CTG1,ngcc,bus_530121,159.5,12.043505,70.45,3.42,478.0,7656.0,77.61,1.0,3.0
ID_57872_UNIT4,ngcc,bus_530121,9.3,9.478333000000001,4.11,3.42,28.0,446.0,4.53,1.0,3.0
ID_57872_UNIT5,ngcc,bus_530121,9.3,9.478333000000001,4.11,3.42,28.0,446.0,4.53,1.0,3.0
ID_2444_9,ngcc,bus_800071,106.0,10.463239999999999,46.82,3.42,318.0,5088.0,51.58,1.0,3.0
ID_58284_0001,ngcc,bus_530121,42.3,9.788618,18.68,3.42,127.0,2030.0,20.58,1.0,3.0
ID_2454_1,ngcc,bus_530121,75.0,11.20155,33.13,3.42,225.0,3600.0,36.49,1.0,3.0
ID_2444_7,ngcc,bus_800071,50.0,10.463239999999999,22.08,3.42,150.0,2400.0,24.33,1.0,3.0
ID_2450_1,ngcc,bus_530001,44.0,13.719383,19.43,3.42,132.0,2112.0,21.41,1.0,3.0
ID_2450_2,ngcc,bus_530001,44.0,13.719383,19.43,3.42,132.0,2112.0,21.41,1.0,3.0
ID_2450_3,ngcc,bus_530001,66.0,13.719383,29.15,3.42,198.0,3168.0,32.12,1.0,3.0
ID_2454_2,ngcc,bus_530121,190.4,11.20155,84.1,3.42,571.0,9139.0,92.65,1.0,3.0
ID_2446_1,ngcc,bus_530121,113.6,12.754631999999999,50.18,3.42,341.0,5453.0,55.28,1.0,3.0
ID_2444_8,ngcc,bus_800071,166.5,10.463239999999999,73.54,3.42,500.0,7992.0,81.02,1.0,3.0
ID_54734_13,oil,bus_408811,3.0,12.0,1.05,3.42,9.0,90.0,1.86,1.0,1.0
ID_54734_14,oil,bus_408811,3.0,12.0,1.05,3.42,9.0,90.0,1.86,1.0,1.0
ID_54734_15,oil,bus_408811,3.1,12.0,1.09,3.42,9.0,93.0,1.92,1.0,1.0
ID_57476_M15G,oil,bus_532171,2.0,9.96,0.7,3.42,6.0,60.0,1.24,1.0,1.0
ID_58125_1,oil,bus_530001,27.0,17.844612,9.48,3.42,81.0,810.0,16.75,1.0,1.0
ID_10869_BBC,biomass,bus_133661,10.0,18.680442,3.43,5.41,30.0,120.0,9.33,7.0,7.0
ID_10869_GE,biomass,bus_133661,15.0,18.680442,5.14,5.41,45.0,180.0,13.99,7.0,7.0
ID_50630_GEN1,biomass,bus_131751,13.1,19.108681,4.49,5.41,39.0,157.0,12.22,7.0,7.0
ID_50921_GEN1,biomass,bus_134201,7.5,13.5,2.57,5.41,22.0,90.0,6.99,7.0,7.0
ID_50993_GEN1,biomass,bus_130001,7.5,13.5,2.57,5.41,22.0,90.0,6.99,7.0,7.0
ID_7413_4,biomass,bus_131751,0.8,12.944153,0.27,5.41,2.0,10.0,0.75,7.0,7.0
ID_7725_1,biomass,bus_131751,0.8,10.966575,0.27,5.41,2.0,10.0,0.75,7.0,7.0
ID_7725_2,biomass,bus_131751,0.8,10.966575,0.27,5.41,2.0,10.0,0.75,7.0,7.0
ID_7725_3,biomass,bus_131751,0.8,10.966575,0.27,5.41,2.0,10.0,0.75,7.0,7.0
ID_7725_4,biomass,bus_131751,1.6,10.966575,0.55,5.41,5.0,19.0,1.49,7.0,7.0
ID_7725_5,biomass,bus_131751,1.6,10.966575,0.55,5.41,5.0,19.0,1.49,7.0,7.0
ID_56461_DC1,biomass,bus_133661,1.6,11.417592,0.55,5.41,5.0,19.0,1.49,7.0,7.0
ID_56461_DC2,biomass,bus_133661,1.6,11.417592,0.55,5.41,5.0,19.0,1.49,7.0,7.0
ID_58687_GEN1,biomass,bus_135041,1.6,11.004636,0.55,5.41,5.0,19.0,1.49,7.0,7.0
ID_58687_GEN2,biomass,bus_135041,1.6,11.004636,0.55,5.41,5.0,19.0,1.49,7.0,7.0
ID_58687_GEN3,biomass,bus_135041,1.6,11.004636,0.55,5.41,5.0,19.0,1.49,7.0,7.0
ID_10869_GE2,biomass,bus_133661,15.0,18.680442,5.14,5.41,45.0,180.0,13.99,7.0,7.0
ID_57015_GEN1,biomass,bus_135041,0.8,11.565527,0.27,5.41,2.0,10.0,0.75,7.0,7.0
ID_57015_GEN2,biomass,bus_135041,0.8,11.565527,0.27,5.41,2.0,10.0,0.75,7.0,7.0
ID_57015_GEN3,biomass,bus_135041,0.8,11.565527,0.27,5.41,2.0,10.0,0.75,7.0,7.0
ID_57015_GEN4,biomass,bus_135041,0.8,11.565527,0.27,5.41,2.0,10.0,0.75,7.0,7.0
ID_57015_GEN5,biomass,bus_135041,0.8,11.565527,0.27,5.41,2.0,10.0,0.75,7.0,7.0
ID_57015_GEN6,biomass,bus_135041,0.8,11.565527,0.27,5.41,2.0,10.0,0.75,7.0,7.0
ID_57015_GEN7,biomass,bus_135041,0.8,11.565527,0.27,5.41,2.0,10.0,0.75,7.0,7.0
ID_57015_GEN8,biomass,bus_135041,0.8,11.565527,0.27,5.41,2.0,10.0,0.75,7.0,7.0
ID_57019_GEN1,biomass,bus_131751,0.8,12.429236000000001,0.27,5.41,2.0,10.0,0.75,7.0,7.0
ID_57019_GEN2,biomass,bus_131751,0.8,12.429236000000001,0.27,5.41,2.0,10.0,0.75,7.0,7.0
ID_57019_GEN3,biomass,bus_131751,0.8,12.429236000000001,0.27,5.41,2.0,10.0,0.75,7.0,7.0
ID_57019_GEN4,biomass,bus_131751,0.8,12.429236000000001,0.27,5.41,2.0,10.0,0.75,7.0,7.0
ID_57019_GEN5,biomass,bus_131751,0.8,12.429236000000001,0.27,5.41,2.0,10.0,0.75,7.0,7.0
ID_57019_GEN6,biomass,bus_131751,0.8,12.429236000000001,0.27,5.41,2.0,10.0,0.75,7.0,7.0
ID_57457_1,biomass,bus_131751,19.8,9.956665000000001,6.79,5.41,59.0,238.0,18.47,7.0,7.0
ID_57911_1,biomass,bus_130001,1.6,10.120742,0.55,5.41,5.0,19.0,1.49,7.0,7.0
ID_59704_JCBIO,biomass,bus_131751,1.6,11.032047,0.55,5.41,5.0,19.0,1.49,7.0,7.0
ID_58382_GEN1,biomass,bus_135041,1.6,11.021401,0.55,5.41,5.0,19.0,1.49,7.0,7.0
ID_58382_GEN2,biomass,bus_135041,1.6,11.021401,0.55,5.41,5.0,19.0,1.49,7.0,7.0
ID_58382_GEN3,biomass,bus_135041,1.6,11.021401,0.55,5.41,5.0,19.0,1.49,7.0,7.0
ID_58591_GEN1,biomass,bus_131751,1.0,13.231311,0.34,5.41,3.0,12.0,0.93,7.0,7.0
ID_57015_GEN10,biomass,bus_135041,1.6,11.565527,0.55,5.41,5.0,19.0,1.49,7.0,7.0
ID_57015_GEN11,biomass,bus_135041,1.6,11.565527,0.55,5.41,5.0,19.0,1.49,7.0,7.0
ID_57015_GEN12,biomass,bus_135041,1.6,11.565527,0.55,5.41,5.0,19.0,1.49,7.0,7.0
ID_57015_GEN9,biomass,bus_135041,1.6,11.565527,0.55,5.41,5.0,19.0,1.49,7.0,7.0
ID_60263_GEN1,biomass,bus_131751,0.8,10.531233,0.27,5.41,2.0,10.0,0.75,7.0,7.0
ID_60263_GEN2,biomass,bus_131751,0.8,10.531233,0.27,5.41,2.0,10.0,0.75,7.0,7.0
ID_8073_5,ngcc,bus_100331,68.3,8.483665,30.17,3.42,205.0,3278.0,33.23,1.0,3.0
ID_8073_6,ngcc,bus_100331,68.3,8.483665,30.17,3.42,205.0,3278.0,33.23,1.0,3.0
ID_8073_7,ngcc,bus_100331,176.4,8.483665,77.92,3.42,529.0,8467.0,85.84,1.0,3.0
ID_7350_1,ngcc,bus_135041,185.7,6.5,82.02,3.42,557.0,8914.0,90.36,1.0,3.0
ID_7350_2,ngcc,bus_135041,80.6,6.5,35.6,3.42,242.0,3869.0,39.22,1.0,3.0
ID_54761_GEN1,ngcc,bus_106001,106.1,6.5,46.86,3.42,318.0,5093.0,51.63,1.0,3.0
ID_54761_GEN2,ngcc,bus_106001,204.5,6.5,90.33,3.42,614.0,9816.0,99.51,1.0,3.0
ID_54761_GEN3,ngcc,bus_106001,106.1,6.5,46.86,3.42,318.0,5093.0,51.63,1.0,3.0
ID_54761_GEN4,ngcc,bus_106001,204.5,6.5,90.33,3.42,614.0,9816.0,99.51,1.0,3.0
ID_55103_CT1,ngcc,bus_133661,161.5,6.5,71.33,3.42,484.0,7752.0,78.59,1.0,3.0
ID_55103_CT2,ngcc,bus_133661,161.5,6.5,71.33,3.42,484.0,7752.0,78.59,1.0,3.0
ID_55103_ST1,ngcc,bus_133661,178.5,6.5,78.84,3.42,536.0,8568.0,86.86,1.0,3.0
ID_55328_CTG1,ngcc,bus_106001,212.5,6.5,93.86,3.42,638.0,10200.0,103.4,1.0,3.0
ID_55328_CTG2,ngcc,bus_106001,212.5,6.5,93.86,3.42,638.0,10200.0,103.4,1.0,3.0
ID_55328_STG1,ngcc,bus_106001,264.4,6.5,116.79,3.42,793.0,12691.0,128.66,1.0,3.0
ID_7931_1,ngcc,bus_135041,170.0,6.5,75.09,3.42,510.0,8160.0,82.72,1.0,3.0
ID_7931_2,ngcc,bus_135041,117.0,6.5,51.68,3.42,351.0,5616.0,56.93,1.0,3.0
ID_56227_1,ngcc,bus_100331,312.0,6.5,137.81,3.42,936.0,14976.0,151.82,1.0,3.0
ID_56227_2,ngcc,bus_100331,171.0,6.5,75.53,3.42,513.0,8208.0,83.21,1.0,3.0
ID_57653_CTG,ngcc,bus_131751,5.5,6.5,2.43,3.42,16.0,264.0,2.68,1.0,3.0
ID_54950_CTG1,ngcc,bus_131751,7.5,9.081563000000001,3.31,3.42,22.0,360.0,3.65,1.0,3.0
ID_54950_STG1,ngcc,bus_131751,3.5,9.081563000000001,1.55,3.42,10.0,168.0,1.7,1.0,3.0
ID_55544_GT3,ngcc,bus_133661,29.4,10.707001,12.99,3.42,88.0,1411.0,14.31,1.0,3.0
ID_55544_GT4,ngcc,bus_133661,29.4,10.707001,12.99,3.42,88.0,1411.0,14.31,1.0,3.0
ID_58266_1,ngcc,bus_100331,18.8,8.673236999999999,8.3,3.42,56.0,902.0,9.15,1.0,3.0
ID_58266_10,ngcc,bus_100331,18.8,8.673236999999999,8.3,3.42,56.0,902.0,9.15,1.0,3.0
ID_58266_11,ngcc,bus_100331,18.8,8.673236999999999,8.3,3.42,56.0,902.0,9.15,1.0,3.0
ID_58266_12,ngcc,bus_100331,18.8,8.673236999999999,8.3,3.42,56.0,902.0,9.15,1.0,3.0
ID_58266_2,ngcc,bus_100331,18.8,8.673236999999999,8.3,3.42,56.0,902.0,9.15,1.0,3.0
ID_58266_3,ngcc,bus_100331,18.8,8.673236999999999,8.3,3.42,56.0,902.0,9.15,1.0,3.0
ID_58266_4,ngcc,bus_100331,18.8,8.673236999999999,8.3,3.42,56.0,902.0,9.15,1.0,3.0
ID_58266_5,ngcc,bus_100331,18.8,8.673236999999999,8.3,3.42,56.0,902.0,9.15,1.0,3.0
ID_58266_6,ngcc,bus_100331,18.8,8.673236999999999,8.3,3.42,56.0,902.0,9.15,1.0,3.0
ID_58266_7,ngcc,bus_100331,18.8,8.673236999999999,8.3,3.42,56.0,902.0,9.15,1.0,3.0
ID_58266_8,ngcc,bus_100331,18.8,8.673236999999999,8.3,3.42,56.0,902.0,9.15,1.0,3.0
ID_58266_9,ngcc,bus_100331,18.8,8.673236999999999,8.3,3.42,56.0,902.0,9.15,1.0,3.0
ID_55302_1,biomass,bus_500991,1.6,9.0,0.55,5.41,5.0,19.0,1.49,7.0,7.0
ID_56554_Unit1,biomass,bus_500991,0.8,12.398696,0.27,5.41,2.0,10.0,0.75,7.0,7.0
ID_56554_Unit2,biomass,bus_500991,0.8,12.398696,0.27,5.41,2.0,10.0,0.75,7.0,7.0
ID_56554_Unit3,biomass,bus_500991,1.6,12.398696,0.55,5.41,5.0,19.0,1.49,7.0,7.0
ID_60349_LFGG3,biomass,bus_500991,1.0,11.518835999999999,0.34,5.41,3.0,12.0,0.93,7.0,7.0
ID_56853_1,biomass,bus_500991,1.6,11.982437,0.55,5.41,5.0,19.0,1.49,7.0,7.0
ID_56853_2,biomass,bus_500991,1.6,11.982437,0.55,5.41,5.0,19.0,1.49,7.0,7.0
ID_56853_3,biomass,bus_500991,1.6,11.982437,0.55,5.41,5.0,19.0,1.49,7.0,7.0
ID_58130_BMBN,biomass,bus_500241,1.6,10.748012000000001,0.55,5.41,5.0,19.0,1.49,7.0,7.0
ID_58130_BMBS,biomass,bus_500241,1.6,10.748012000000001,0.55,5.41,5.0,19.0,1.49,7.0,7.0
ID_8069_2,coal,bus_500991,496.0,10.242629999999998,223.99,6.95,1488.0,63984.0,21.23,12.0,12.0
ID_8069_1,coal,bus_500991,541.3,10.242629999999998,244.45,6.95,1624.0,69828.0,23.17,12.0,12.0
ID_6165_1,coal,bus_500991,525.0,10.130113,237.09,6.95,1575.0,67725.0,22.47,12.0,12.0
ID_6165_2,coal,bus_500991,525.0,10.130113,237.09,6.95,1575.0,67725.0,22.47,12.0,12.0
ID_6165_3,coal,bus_500991,527.2,10.130113,238.08,6.95,1582.0,68009.0,22.56,12.0,12.0
ID_6481_1,coal,bus_500241,820.0,9.701464,370.31,6.95,2460.0,105780.0,35.1,12.0,12.0
ID_7790_1,coal,bus_600031,499.5,10.291716000000001,225.57,6.95,1498.0,64436.0,21.38,12.0,12.0
ID_6481_2,coal,bus_500241,820.0,9.701464,370.31,6.95,2460.0,105780.0,35.1,12.0,12.0
ID_50951_GEN1,coal,bus_503161,58.1,12.364421,26.24,6.95,174.0,7495.0,2.49,12.0,12.0
ID_56163_4,coal,bus_500991,82.0,12.482055,37.03,6.95,246.0,10578.0,3.51,12.0,12.0
ID_56102_CT1A,ngcc,bus_500991,172.0,6.5,75.97,3.42,516.0,8256.0,83.7,1.0,3.0
ID_56102_CT1B,ngcc,bus_500991,172.0,6.5,75.97,3.42,516.0,8256.0,83.7,1.0,3.0
ID_56102_ST1,ngcc,bus_500991,305.0,6.5,134.72,3.42,915.0,14640.0,148.41,1.0,3.0
ID_56237_CT01,ngcc,bus_500991,203.0,6.5,89.67,3.42,609.0,9744.0,98.78,1.0,3.0
ID_56237_CT02,ngcc,bus_500991,203.0,6.5,89.67,3.42,609.0,9744.0,98.78,1.0,3.0
ID_56237_ST01,ngcc,bus_500991,251.0,6.5,110.87,3.42,753.0,12048.0,122.14,1.0,3.0
ID_56237_CT21,ngcc,bus_500991,206.0,6.5,90.99,3.42,618.0,9888.0,100.24,1.0,3.0
ID_56237_CT22,ngcc,bus_500991,206.0,6.5,90.99,3.42,618.0,9888.0,100.24,1.0,3.0
ID_56237_ST2,ngcc,bus_500991,316.0,6.5,139.58,3.42,948.0,15168.0,153.77,1.0,3.0
ID_3648_4,ngcc,bus_500991,71.0,16.902054,31.36,3.42,213.0,3408.0,34.55,1.0,3.0
ID_3648_5,ngcc,bus_500991,71.0,16.902054,31.36,3.42,213.0,3408.0,34.55,1.0,3.0
ID_3648_6,ngcc,bus_500991,71.0,16.902054,31.36,3.42,213.0,3408.0,34.55,1.0,3.0
ID_8010_3,ngcc,bus_500991,14.0,11.946971,6.18,3.42,42.0,672.0,6.81,1.0,3.0
ID_55622_U1,ngcc,bus_500991,43.4,10.425852,19.17,3.42,130.0,2083.0,21.12,1.0,3.0
ID_55622_U2,ngcc,bus_500991,43.4,10.425852,19.17,3.42,130.0,2083.0,21.12,1.0,3.0
ID_55622_U5,ngcc,bus_500991,43.4,10.425852,19.17,3.42,130.0,2083.0,21.12,1.0,3.0
ID_7111_4,ngcc,bus_500991,1.9,9.095244000000001,0.84,3.42,6.0,91.0,0.92,1.0,3.0
ID_7111_NA9,ngcc,bus_500991,1.9,9.095244000000001,0.84,3.42,6.0,91.0,0.92,1.0,3.0
ID_7111_1,ngcc,bus_500991,1.4,9.095244000000001,0.62,3.42,4.0,67.0,0.68,1.0,3.0
ID_7111_2,ngcc,bus_500991,1.4,9.095244000000001,0.62,3.42,4.0,67.0,0.68,1.0,3.0
ID_57899_4,ngcc,bus_500001,2.0,13.729058,0.88,3.42,6.0,96.0,0.97,1.0,3.0
ID_57899_5,ngcc,bus_500001,2.0,13.729058,0.88,3.42,6.0,96.0,0.97,1.0,3.0
ID_58139_TURBI,ngcc,bus_501961,5.0,13.028407,2.21,3.42,15.0,240.0,2.43,1.0,3.0
ID_56253_MC1,ngcc,bus_500001,40.0,7.9093990000000005,17.67,3.42,120.0,1920.0,19.46,1.0,3.0
ID_57899_6,ngcc,bus_500001,2.0,13.729058,0.88,3.42,6.0,96.0,0.97,1.0,3.0
ID_57899_7,ngcc,bus_500001,2.0,13.729058,0.88,3.42,6.0,96.0,0.97,1.0,3.0
ID_57899_8,ngcc,bus_500001,2.0,13.729058,0.88,3.42,6.0,96.0,0.97,1.0,3.0
ID_59660_9,ngcc,bus_500001,2.0,12.717949,0.88,3.42,6.0,96.0,0.97,1.0,3.0
ID_58597_CGN1,ngcc,bus_500991,7.4,10.760768,3.27,3.42,22.0,355.0,3.6,1.0,3.0
ID_59660_3,ngcc,bus_500001,2.0,12.717949,0.88,3.42,6.0,96.0,0.97,1.0,3.0
ID_59660_4,ngcc,bus_500001,2.0,12.717949,0.88,3.42,6.0,96.0,0.97,1.0,3.0
ID_56253_MC2,ngcc,bus_500001,40.0,7.9093990000000005,17.67,3.42,120.0,1920.0,19.46,1.0,3.0
ID_3665_2A,ngcc,bus_500991,12.6,10.870914,5.57,3.42,38.0,605.0,6.13,1.0,3.0
ID_3665_3A,ngcc,bus_500991,12.6,10.870914,5.57,3.42,38.0,605.0,6.13,1.0,3.0
ID_7111_11,ngcc,bus_500991,1.9,9.095244000000001,0.84,3.42,6.0,91.0,0.92,1.0,3.0
ID_7111_12,ngcc,bus_500991,2.3,9.095244000000001,1.02,3.42,7.0,110.0,1.12,1.0,3.0
ID_3648_1,ngcc,bus_500991,70.5,16.902054,31.14,3.42,212.0,3384.0,34.31,1.0,3.0
ID_3648_2,ngcc,bus_500991,75.0,16.902054,33.13,3.42,225.0,3600.0,36.49,1.0,3.0
ID_3648_3,ngcc,bus_500991,133.6,16.902054,59.01,3.42,401.0,6413.0,65.01,1.0,3.0
ID_7080_2,oil,bus_500001,7.0,10.228956,2.46,3.42,21.0,210.0,4.34,1.0,1.0
ID_7767_1,oil,bus_500001,1.7,9.0,0.6,3.42,5.0,51.0,1.05,1.0,1.0
ID_7767_2,oil,bus_500001,1.7,9.0,0.6,3.42,5.0,51.0,1.05,1.0,1.0
ID_7767_3,oil,bus_500001,1.7,9.0,0.6,3.42,5.0,51.0,1.05,1.0,1.0
ID_7767_4,oil,bus_500001,1.7,9.0,0.6,3.42,5.0,51.0,1.05,1.0,1.0
ID_7767_5,oil,bus_500001,1.7,9.0,0.6,3.42,5.0,51.0,1.05,1.0,1.0
ID_7767_6,oil,bus_500001,1.7,9.0,0.6,3.42,5.0,51.0,1.05,1.0,1.0
ID_57899_2,oil,bus_500001,1.7,13.614369,0.6,3.42,5.0,51.0,1.05,1.0,1.0
ID_57899_3,oil,bus_500001,1.7,13.614369,0.6,3.42,5.0,51.0,1.05,1.0,1.0
ID_57899_1,oil,bus_500001,1.7,13.614369,0.6,3.42,5.0,51.0,1.05,1.0,1.0
ID_550_1,biomass,bus_110161,50.7,14.621450999999999,17.37,5.41,152.0,608.0,47.28,7.0,7.0
ID_50886_GEN1,biomass,bus_106771,26.0,22.433452000000003,8.91,5.41,78.0,312.0,24.25,7.0,7.0
ID_7832_7,biomass,bus_135041,10.0,9.0,3.43,5.41,30.0,120.0,9.33,7.0,7.0
ID_7832_8,biomass,bus_135041,10.0,9.0,3.43,5.41,30.0,120.0,9.33,7.0,7.0
ID_50329_4,biomass,bus_102281,2.3,10.353861,0.79,5.41,7.0,28.0,2.14,7.0,7.0
ID_50329_5,biomass,bus_102281,2.3,10.353861,0.79,5.41,7.0,28.0,2.14,7.0,7.0
ID_58352_G11,biomass,bus_100221,20.0,11.609335,6.85,5.41,60.0,240.0,18.65,7.0,7.0
ID_58688_A,biomass,bus_103441,1.5,10.950562,0.51,5.41,4.0,18.0,1.4,7.0,7.0
ID_58688_B,biomass,bus_103441,1.5,10.950562,0.51,5.41,4.0,18.0,1.4,7.0,7.0
ID_58688_C,biomass,bus_103441,1.5,10.950562,0.51,5.41,4.0,18.0,1.4,7.0,7.0
ID_3845_2,coal,bus_100251,729.9,11.228277,329.62,6.95,2190.0,94157.0,31.24,12.0,12.0
ID_54476_GEN1,ngcc,bus_102281,87.8,6.5,38.78,3.42,263.0,4214.0,42.72,1.0,3.0
ID_54537_CT1A,ngcc,bus_102281,95.9,6.5,42.36,3.42,288.0,4603.0,46.66,1.0,3.0
ID_54537_CT1B,ngcc,bus_102281,95.9,6.5,42.36,3.42,288.0,4603.0,46.66,1.0,3.0
ID_54537_ST1,ngcc,bus_102281,93.7,6.5,41.39,3.42,281.0,4498.0,45.59,1.0,3.0
ID_7605_1,ngcc,bus_100931,248.0,7.288451,109.54,3.42,744.0,11904.0,120.68,1.0,3.0
ID_55818_FICT,ngcc,bus_103441,192.0,6.5,84.81,3.42,576.0,9216.0,93.43,1.0,3.0
ID_55818_FIST,ngcc,bus_103441,126.3,6.5,55.79,3.42,379.0,6062.0,61.46,1.0,3.0
ID_55662_CA,ngcc,bus_100251,230.0,6.5,101.59,3.42,690.0,11040.0,111.92,1.0,3.0
ID_55662_CT1,ngcc,bus_100251,234.0,6.5,103.36,3.42,702.0,11232.0,113.86,1.0,3.0
ID_55662_CT2,ngcc,bus_100251,234.0,6.5,103.36,3.42,702.0,11232.0,113.86,1.0,3.0
ID_55482_G1,ngcc,bus_135041,170.0,6.5,75.09,3.42,510.0,8160.0,82.72,1.0,3.0
ID_55482_G2,ngcc,bus_135041,114.3,6.5,50.49,3.42,343.0,5486.0,55.62,1.0,3.0
ID_7999_CT1,ngcc,bus_100221,175.0,6.5,77.3,3.42,525.0,8400.0,85.16,1.0,3.0
ID_7999_CT2,ngcc,bus_100221,175.0,6.5,77.3,3.42,525.0,8400.0,85.16,1.0,3.0
ID_7999_ST1,ngcc,bus_100221,300.0,6.5,132.51,3.42,900.0,14400.0,145.98,1.0,3.0
ID_55700_1STG,ngcc,bus_100351,133.0,6.5,58.75,3.42,399.0,6384.0,64.72,1.0,3.0
ID_55700_CTG1,ngcc,bus_100351,186.0,6.5,82.16,3.42,558.0,8928.0,90.51,1.0,3.0
ID_6120_2,ngcc,bus_102281,84.6,17.578107,37.37,3.42,254.0,4061.0,41.17,1.0,3.0
ID_6120_3,ngcc,bus_102281,84.6,17.578107,37.37,3.42,254.0,4061.0,41.17,1.0,3.0
ID_607_1,ngcc,bus_102281,129.1,12.461413,57.02,3.42,387.0,6197.0,62.82,1.0,3.0
ID_607_2,ngcc,bus_102281,129.1,12.461413,57.02,3.42,387.0,6197.0,62.82,1.0,3.0
ID_54268_GTG1,ngcc,bus_102281,46.6,11.493212,20.58,3.42,140.0,2237.0,22.68,1.0,3.0
ID_54268_GTG2,ngcc,bus_102281,46.6,11.493212,20.58,3.42,140.0,2237.0,22.68,1.0,3.0
ID_54268_GTG3,ngcc,bus_102281,46.6,11.493212,20.58,3.42,140.0,2237.0,22.68,1.0,3.0
ID_607_3,ngcc,bus_102281,58.9,12.461413,26.02,3.42,177.0,2827.0,28.66,1.0,3.0
ID_607_4,ngcc,bus_102281,58.9,12.461413,26.02,3.42,177.0,2827.0,28.66,1.0,3.0
ID_8022_6,ngcc,bus_106771,4.1,9.140004000000001,1.81,3.42,12.0,197.0,2.0,1.0,3.0
ID_56017_GT1,ngcc,bus_106001,11.4,8.037,5.04,3.42,34.0,547.0,5.55,1.0,3.0
ID_56017_GT2,ngcc,bus_106001,11.4,8.037,5.04,3.42,34.0,547.0,5.55,1.0,3.0
ID_56017_GT3,ngcc,bus_106001,11.4,8.037,5.04,3.42,34.0,547.0,5.55,1.0,3.0
ID_56017_GT4,ngcc,bus_106001,11.4,8.037,5.04,3.42,34.0,547.0,5.55,1.0,3.0
ID_54809_DG3,oil,bus_102281,2.0,10.158528,0.7,3.42,6.0,60.0,1.24,1.0,1.0
ID_54809_DG4,oil,bus_102281,2.0,10.158528,0.7,3.42,6.0,60.0,1.24,1.0,1.0
ID_54809_DG5,oil,bus_102281,2.0,10.158528,0.7,3.42,6.0,60.0,1.24,1.0,1.0
ID_54809_DG6,oil,bus_102281,2.0,10.158528,0.7,3.42,6.0,60.0,1.24,1.0,1.0
ID_54809_DG7,oil,bus_102281,2.0,10.158528,0.7,3.42,6.0,60.0,1.24,1.0,1.0
ID_56016_3,oil,bus_106771,1.8,9.289716,0.63,3.42,5.0,54.0,1.12,1.0,1.0
ID_56596_5,coal,bus_700631,116.0,11.566917,52.39,6.95,348.0,14964.0,4.96,12.0,12.0
ID_4162_3,coal,bus_503161,384.0,10.765244000000001,173.41,6.95,1152.0,49536.0,16.44,12.0,12.0
ID_4158_4,coal,bus_701721,400.0,11.317124,180.64,6.95,1200.0,51600.0,17.12,12.0,12.0
ID_8066_1,coal,bus_701551,608.3,10.403897,274.71,6.95,1825.0,78471.0,26.04,12.0,12.0
ID_8066_2,coal,bus_701551,617.0,10.403897,278.64,6.95,1851.0,79593.0,26.41,12.0,12.0
ID_8066_3,coal,bus_701551,608.3,10.403897,274.71,6.95,1825.0,78471.0,26.04,12.0,12.0
ID_6101_1,coal,bus_700631,402.3,12.127539,181.68,6.95,1207.0,51897.0,17.22,12.0,12.0
ID_8066_4,coal,bus_701551,608.3,10.403897,274.71,6.95,1825.0,78471.0,26.04,12.0,12.0
ID_6204_1,coal,bus_701721,570.0,10.205506999999999,257.41,6.95,1710.0,73530.0,24.4,12.0,12.0
ID_6204_2,coal,bus_701721,570.0,10.205506999999999,257.41,6.95,1710.0,73530.0,24.4,12.0,12.0
ID_6204_3,coal,bus_701721,570.0,10.205506999999999,257.41,6.95,1710.0,73530.0,24.4,12.0,12.0
ID_7504_2,coal,bus_700631,90.0,12.393347,40.64,6.95,270.0,11610.0,3.85,12.0,12.0
ID_55479_0001,coal,bus_700631,90.0,11.654817,40.64,6.95,270.0,11610.0,3.85,12.0,12.0
ID_56319_0001,coal,bus_700631,95.0,11.963424000000002,42.9,6.95,285.0,12255.0,4.07,12.0,12.0
ID_56609_01,coal,bus_700631,483.7,10.683565,218.44,6.95,1451.0,62397.0,20.7,12.0,12.0
ID_4158_1,coal,bus_701721,133.6,11.317124,60.33,6.95,401.0,17234.0,5.72,12.0,12.0
ID_4158_2,coal,bus_701721,133.6,11.317124,60.33,6.95,401.0,17234.0,5.72,12.0,12.0
ID_4162_1,coal,bus_503161,192.0,10.765244000000001,86.71,6.95,576.0,24768.0,8.22,12.0,12.0
ID_4158_3,coal,bus_701721,255.0,11.317124,115.16,6.95,765.0,32895.0,10.91,12.0,12.0
ID_4162_2,coal,bus_503161,256.0,10.765244000000001,115.61,6.95,768.0,33024.0,10.96,12.0,12.0
ID_57703_01A,ngcc,bus_701721,40.0,6.936308,17.67,3.42,120.0,1920.0,19.46,1.0,3.0
ID_57703_01B,ngcc,bus_701721,40.0,6.936308,17.67,3.42,120.0,1920.0,19.46,1.0,3.0
ID_57703_01C,ngcc,bus_701721,20.0,6.936308,8.83,3.42,60.0,960.0,9.73,1.0,3.0
ID_55477_GT2,ngcc,bus_700631,40.0,12.52711,17.67,3.42,120.0,1920.0,19.46,1.0,3.0
ID_8026_2,ngcc,bus_700631,7.5,15.625912,3.31,3.42,22.0,360.0,3.65,1.0,3.0
ID_8026_3,ngcc,bus_700631,7.5,15.625912,3.31,3.42,22.0,360.0,3.65,1.0,3.0
ID_8028_1,ngcc,bus_700631,7.5,14.529800999999999,3.31,3.42,22.0,360.0,3.65,1.0,3.0
ID_8028_2,ngcc,bus_700631,7.5,14.529800999999999,3.31,3.42,22.0,360.0,3.65,1.0,3.0
ID_8028_3,ngcc,bus_700631,7.5,14.529800999999999,3.31,3.42,22.0,360.0,3.65,1.0,3.0
ID_8030_1,ngcc,bus_700631,7.5,10.5625,3.31,3.42,22.0,360.0,3.65,1.0,3.0
ID_8030_2,ngcc,bus_700631,7.5,10.5625,3.31,3.42,22.0,360.0,3.65,1.0,3.0
ID_8030_3,ngcc,bus_700631,7.5,10.5625,3.31,3.42,22.0,360.0,3.65,1.0,3.0
ID_57703_02A,ngcc,bus_701721,40.0,6.936308,17.67,3.42,120.0,1920.0,19.46,1.0,3.0
ID_60130_5,ngcc,bus_701551,1.6,10.63669,0.71,3.42,5.0,77.0,0.78,1.0,3.0
ID_60130_6,ngcc,bus_701551,1.6,10.63669,0.71,3.42,5.0,77.0,0.78,1.0,3.0
ID_7039_1,oil,bus_700161,2.7,9.898058,0.95,3.42,8.0,81.0,1.68,1.0,1.0
ID_2196_2,oil,bus_700001,1.0,11.905063,0.35,3.42,3.0,30.0,0.62,1.0,1.0
bus_105701_SOLAR,solar,bus_105701,0.5,0.0,0.0,0.0,0.0,0.0,0.0,0.0,0.0
bus_131751_SOLAR,solar,bus_131751,5.5,0.0,0.0,0.0,0.0,0.0,0.0,0.0,0.0
bus_133661_SOLAR,solar,bus_133661,16.4,0.0,0.0,0.0,0.0,0.0,0.0,0.0,0.0
bus_134201_SOLAR,solar,bus_134201,420.0,0.0,0.0,0.0,0.0,0.0,0.0,0.0,0.0
bus_134461_SOLAR,solar,bus_134461,690.0,0.0,0.0,0.0,0.0,0.0,0.0,0.0,0.0
bus_201361_SOLAR,solar,bus_201361,146.4,0.0,0.0,0.0,0.0,0.0,0.0,0.0,0.0
bus_204901_SOLAR,solar,bus_204901,3.7,0.0,0.0,0.0,0.0,0.0,0.0,0.0,0.0
bus_211211_SOLAR,solar,bus_211211,5.5,0.0,0.0,0.0,0.0,0.0,0.0,0.0,0.0
bus_216471_SOLAR,solar,bus_216471,32.1,0.0,0.0,0.0,0.0,0.0,0.0,0.0,0.0
bus_230171_SOLAR,solar,bus_230171,3.0,0.0,0.0,0.0,0.0,0.0,0.0,0.0,0.0
bus_230541_SOLAR,solar,bus_230541,30.3,0.0,0.0,0.0,0.0,0.0,0.0,0.0,0.0
bus_230601_SOLAR,solar,bus_230601,226.5,0.0,0.0,0.0,0.0,0.0,0.0,0.0,0.0
bus_232301_SOLAR,solar,bus_232301,708.8,0.0,0.0,0.0,0.0,0.0,0.0,0.0,0.0
bus_232631_SOLAR,solar,bus_232631,455.0,0.0,0.0,0.0,0.0,0.0,0.0,0.0,0.0
bus_233771_SOLAR,solar,bus_233771,1.0,0.0,0.0,0.0,0.0,0.0,0.0,0.0,0.0
bus_251601_SOLAR,solar,bus_251601,1.0,0.0,0.0,0.0,0.0,0.0,0.0,0.0,0.0
bus_252891_SOLAR,solar,bus_252891,7.1000000000000005,0.0,0.0,0.0,0.0,0.0,0.0,0.0,0.0
bus_253751_SOLAR,solar,bus_253751,3.8,0.0,0.0,0.0,0.0,0.0,0.0,0.0,0.0
bus_254001_SOLAR,solar,bus_254001,1.6,0.0,0.0,0.0,0.0,0.0,0.0,0.0,0.0
bus_254391_SOLAR,solar,bus_254391,1.0,0.0,0.0,0.0,0.0,0.0,0.0,0.0,0.0
bus_256181_SOLAR,solar,bus_256181,3.9000000000000004,0.0,0.0,0.0,0.0,0.0,0.0,0.0,0.0
bus_256751_SOLAR,solar,bus_256751,2.1,0.0,0.0,0.0,0.0,0.0,0.0,0.0,0.0
bus_257141_SOLAR,solar,bus_257141,23.2,0.0,0.0,0.0,0.0,0.0,0.0,0.0,0.0
bus_257301_SOLAR,solar,bus_257301,6.8999999999999995,0.0,0.0,0.0,0.0,0.0,0.0,0.0,0.0
bus_258301_SOLAR,solar,bus_258301,1.0,0.0,0.0,0.0,0.0,0.0,0.0,0.0,0.0
bus_261161_SOLAR,solar,bus_261161,2017.6999999999998,0.0,0.0,0.0,0.0,0.0,0.0,0.0,0.0
bus_261331_SOLAR,solar,bus_261331,838.3000000000001,0.0,0.0,0.0,0.0,0.0,0.0,0.0,0.0
bus_262011_SOLAR,solar,bus_262011,188.9,0.0,0.0,0.0,0.0,0.0,0.0,0.0,0.0
bus_281221_SOLAR,solar,bus_281221,8.5,0.0,0.0,0.0,0.0,0.0,0.0,0.0,0.0
bus_283651_SOLAR,solar,bus_283651,8.6,0.0,0.0,0.0,0.0,0.0,0.0,0.0,0.0
bus_284011_SOLAR,solar,bus_284011,264.2,0.0,0.0,0.0,0.0,0.0,0.0,0.0,0.0
bus_284741_SOLAR,solar,bus_284741,9.299999999999999,0.0,0.0,0.0,0.0,0.0,0.0,0.0,0.0
bus_285491_SOLAR,solar,bus_285491,1.6,0.0,0.0,0.0,0.0,0.0,0.0,0.0,0.0
bus_286671_SOLAR,solar,bus_286671,743.0,0.0,0.0,0.0,0.0,0.0,0.0,0.0,0.0
bus_300011_SOLAR,solar,bus_300011,42.9,0.0,0.0,0.0,0.0,0.0,0.0,0.0,0.0
bus_301441_SOLAR,solar,bus_301441,318.8,0.0,0.0,0.0,0.0,0.0,0.0,0.0,0.0
bus_301461_SOLAR,solar,bus_301461,5.0,0.0,0.0,0.0,0.0,0.0,0.0,0.0,0.0
bus_302051_SOLAR,solar,bus_302051,15.0,0.0,0.0,0.0,0.0,0.0,0.0,0.0,0.0
bus_302071_SOLAR,solar,bus_302071,894.7,0.0,0.0,0.0,0.0,0.0,0.0,0.0,0.0
bus_302201_SOLAR,solar,bus_302201,33.3,0.0,0.0,0.0,0.0,0.0,0.0,0.0,0.0
bus_302211_SOLAR,solar,bus_302211,14.000000000000002,0.0,0.0,0.0,0.0,0.0,0.0,0.0,0.0
bus_303741_SOLAR,solar,bus_303741,40.0,0.0,0.0,0.0,0.0,0.0,0.0,0.0,0.0
bus_400011_SOLAR,solar,bus_400011,1041.9,0.0,0.0,0.0,0.0,0.0,0.0,0.0,0.0
bus_400031_SOLAR,solar,bus_400031,39.7,0.0,0.0,0.0,0.0,0.0,0.0,0.0,0.0
bus_400041_SOLAR,solar,bus_400041,633.2000000000002,0.0,0.0,0.0,0.0,0.0,0.0,0.0,0.0
bus_400071_SOLAR,solar,bus_400071,4.4,0.0,0.0,0.0,0.0,0.0,0.0,0.0,0.0
bus_400081_SOLAR,solar,bus_400081,10.5,0.0,0.0,0.0,0.0,0.0,0.0,0.0,0.0
bus_400501_SOLAR,solar,bus_400501,16.6,0.0,0.0,0.0,0.0,0.0,0.0,0.0,0.0
bus_401621_SOLAR,solar,bus_401621,38.400000000000006,0.0,0.0,0.0,0.0,0.0,0.0,0.0,0.0
bus_401691_SOLAR,solar,bus_401691,3.7,0.0,0.0,0.0,0.0,0.0,0.0,0.0,0.0
bus_402811_SOLAR,solar,bus_402811,5.699999999999999,0.0,0.0,0.0,0.0,0.0,0.0,0.0,0.0
bus_403671_SOLAR,solar,bus_403671,2.5,0.0,0.0,0.0,0.0,0.0,0.0,0.0,0.0
bus_403691_SOLAR,solar,bus_403691,149.79999999999998,0.0,0.0,0.0,0.0,0.0,0.0,0.0,0.0
bus_403911_SOLAR,solar,bus_403911,139.0,0.0,0.0,0.0,0.0,0.0,0.0,0.0,0.0
bus_406911_SOLAR,solar,bus_406911,7.6,0.0,0.0,0.0,0.0,0.0,0.0,0.0,0.0
bus_408441_SOLAR,solar,bus_408441,18.1,0.0,0.0,0.0,0.0,0.0,0.0,0.0,0.0
bus_408811_SOLAR,solar,bus_408811,14.4,0.0,0.0,0.0,0.0,0.0,0.0,0.0,0.0
bus_409611_SOLAR,solar,bus_409611,376.1,0.0,0.0,0.0,0.0,0.0,0.0,0.0,0.0
bus_409941_SOLAR,solar,bus_409941,697.7,0.0,0.0,0.0,0.0,0.0,0.0,0.0,0.0
bus_500001_SOLAR,solar,bus_500001,12.0,0.0,0.0,0.0,0.0,0.0,0.0,0.0,0.0
bus_500241_SOLAR,solar,bus_500241,153.10000000000002,0.0,0.0,0.0,0.0,0.0,0.0,0.0,0.0
bus_500991_SOLAR,solar,bus_500991,1.3,0.0,0.0,0.0,0.0,0.0,0.0,0.0,0.0
bus_503161_SOLAR,solar,bus_503161,120.0,0.0,0.0,0.0,0.0,0.0,0.0,0.0,0.0
bus_530001_SOLAR,solar,bus_530001,41.0,0.0,0.0,0.0,0.0,0.0,0.0,0.0,0.0
bus_530021_SOLAR,solar,bus_530021,170.79999999999998,0.0,0.0,0.0,0.0,0.0,0.0,0.0,0.0
bus_530121_SOLAR,solar,bus_530121,92.9,0.0,0.0,0.0,0.0,0.0,0.0,0.0,0.0
bus_600001_SOLAR,solar,bus_600001,511.0,0.0,0.0,0.0,0.0,0.0,0.0,0.0,0.0
bus_600031_SOLAR,solar,bus_600031,5.8,0.0,0.0,0.0,0.0,0.0,0.0,0.0,0.0
bus_601941_SOLAR,solar,bus_601941,20.200000000000003,0.0,0.0,0.0,0.0,0.0,0.0,0.0,0.0
bus_605141_SOLAR,solar,bus_605141,17.8,0.0,0.0,0.0,0.0,0.0,0.0,0.0,0.0
bus_606631_SOLAR,solar,bus_606631,32.2,0.0,0.0,0.0,0.0,0.0,0.0,0.0,0.0
bus_740011_SOLAR,solar,bus_740011,120.0,0.0,0.0,0.0,0.0,0.0,0.0,0.0,0.0
bus_741321_SOLAR,solar,bus_741321,120.0,0.0,0.0,0.0,0.0,0.0,0.0,0.0,0.0
bus_800071_SOLAR,solar,bus_800071,205.9,0.0,0.0,0.0,0.0,0.0,0.0,0.0,0.0
bus_100221_WIND,wind,bus_100221,6.0,0.0,0.0,0.0,0.0,0.0,0.0,0.0,0.0
bus_100931_WIND,wind,bus_100931,22.5,0.0,0.0,0.0,0.0,0.0,0.0,0.0,0.0
bus_105251_WIND,wind,bus_105251,4.3,0.0,0.0,0.0,0.0,0.0,0.0,0.0,0.0
bus_105581_WIND,wind,bus_105581,100.7,0.0,0.0,0.0,0.0,0.0,0.0,0.0,0.0
bus_105701_WIND,wind,bus_105701,430.1,0.0,0.0,0.0,0.0,0.0,0.0,0.0,0.0
bus_106001_WIND,wind,bus_106001,655.0,0.0,0.0,0.0,0.0,0.0,0.0,0.0,0.0
bus_106771_WIND,wind,bus_106771,105.3,0.0,0.0,0.0,0.0,0.0,0.0,0.0,0.0
bus_133661_WIND,wind,bus_133661,180.0,0.0,0.0,0.0,0.0,0.0,0.0,0.0,0.0
bus_134201_WIND,wind,bus_134201,2557.5,0.0,0.0,0.0,0.0,0.0,0.0,0.0,0.0
bus_134461_WIND,wind,bus_134461,4084.8999999999996,0.0,0.0,0.0,0.0,0.0,0.0,0.0,0.0
bus_135041_WIND,wind,bus_135041,4341.9,0.0,0.0,0.0,0.0,0.0,0.0,0.0,0.0
bus_200001_WIND,wind,bus_200001,135.0,0.0,0.0,0.0,0.0,0.0,0.0,0.0,0.0
bus_200261_WIND,wind,bus_200261,252.2,0.0,0.0,0.0,0.0,0.0,0.0,0.0,0.0
bus_201361_WIND,wind,bus_201361,361.0,0.0,0.0,0.0,0.0,0.0,0.0,0.0,0.0
bus_204901_WIND,wind,bus_204901,7.5,0.0,0.0,0.0,0.0,0.0,0.0,0.0,0.0
bus_216471_WIND,wind,bus_216471,1170.3,0.0,0.0,0.0,0.0,0.0,0.0,0.0,0.0
bus_230171_WIND,wind,bus_230171,2.0,0.0,0.0,0.0,0.0,0.0,0.0,0.0,0.0
bus_230541_WIND,wind,bus_230541,128.8,0.0,0.0,0.0,0.0,0.0,0.0,0.0,0.0
bus_230601_WIND,wind,bus_230601,17.4,0.0,0.0,0.0,0.0,0.0,0.0,0.0,0.0
bus_232301_WIND,wind,bus_232301,127.5,0.0,0.0,0.0,0.0,0.0,0.0,0.0,0.0
bus_261161_WIND,wind,bus_261161,4552.6,0.0,0.0,0.0,0.0,0.0,0.0,0.0,0.0
bus_261331_WIND,wind,bus_261331,30.0,0.0,0.0,0.0,0.0,0.0,0.0,0.0,0.0
bus_262011_WIND,wind,bus_262011,1680.0,0.0,0.0,0.0,0.0,0.0,0.0,0.0,0.0
bus_284011_WIND,wind,bus_284011,144.2,0.0,0.0,0.0,0.0,0.0,0.0,0.0,0.0
bus_284741_WIND,wind,bus_284741,82.5,0.0,0.0,0.0,0.0,0.0,0.0,0.0,0.0
bus_285491_WIND,wind,bus_285491,883.5,0.0,0.0,0.0,0.0,0.0,0.0,0.0,0.0
bus_286671_WIND,wind,bus_286671,1018.7,0.0,0.0,0.0,0.0,0.0,0.0,0.0,0.0
bus_300011_WIND,wind,bus_300011,645.0,0.0,0.0,0.0,0.0,0.0,0.0,0.0,0.0
bus_301441_WIND,wind,bus_301441,22.5,0.0,0.0,0.0,0.0,0.0,0.0,0.0,0.0
bus_302071_WIND,wind,bus_302071,45.0,0.0,0.0,0.0,0.0,0.0,0.0,0.0,0.0
bus_303741_WIND,wind,bus_303741,262.5,0.0,0.0,0.0,0.0,0.0,0.0,0.0,0.0
bus_400081_WIND,wind,bus_400081,137.5,0.0,0.0,0.0,0.0,0.0,0.0,0.0,0.0
bus_401621_WIND,wind,bus_401621,99.2,0.0,0.0,0.0,0.0,0.0,0.0,0.0,0.0
bus_403911_WIND,wind,bus_403911,30.0,0.0,0.0,0.0,0.0,0.0,0.0,0.0,0.0
bus_405951_WIND,wind,bus_405951,128.1,0.0,0.0,0.0,0.0,0.0,0.0,0.0,0.0
bus_406911_WIND,wind,bus_406911,102.4,0.0,0.0,0.0,0.0,0.0,0.0,0.0,0.0
bus_500001_WIND,wind,bus_500001,322.5,0.0,0.0,0.0,0.0,0.0,0.0,0.0,0.0
bus_500071_WIND,wind,bus_500071,45.0,0.0,0.0,0.0,0.0,0.0,0.0,0.0,0.0
bus_500241_WIND,wind,bus_500241,305.5,0.0,0.0,0.0,0.0,0.0,0.0,0.0,0.0
bus_500991_WIND,wind,bus_500991,18.9,0.0,0.0,0.0,0.0,0.0,0.0,0.0,0.0
bus_501961_WIND,wind,bus_501961,139.2,0.0,0.0,0.0,0.0,0.0,0.0,0.0,0.0
bus_503161_WIND,wind,bus_503161,285.0,0.0,0.0,0.0,0.0,0.0,0.0,0.0,0.0
bus_530001_WIND,wind,bus_530001,647.1999999999999,0.0,0.0,0.0,0.0,0.0,0.0,0.0,0.0
bus_530121_WIND,wind,bus_530121,262.3,0.0,0.0,0.0,0.0,0.0,0.0,0.0,0.0
bus_600001_WIND,wind,bus_600001,375.0,0.0,0.0,0.0,0.0,0.0,0.0,0.0,0.0
bus_600031_WIND,wind,bus_600031,292.5,0.0,0.0,0.0,0.0,0.0,0.0,0.0,0.0
bus_601941_WIND,wind,bus_601941,314.5,0.0,0.0,0.0,0.0,0.0,0.0,0.0,0.0
bus_605141_WIND,wind,bus_605141,1345.6,0.0,0.0,0.0,0.0,0.0,0.0,0.0,0.0
bus_605771_WIND,wind,bus_605771,237.0,0.0,0.0,0.0,0.0,0.0,0.0,0.0,0.0
bus_606631_WIND,wind,bus_606631,294.8,0.0,0.0,0.0,0.0,0.0,0.0,0.0,0.0
bus_700001_WIND,wind,bus_700001,373.8,0.0,0.0,0.0,0.0,0.0,0.0,0.0,0.0
bus_700161_WIND,wind,bus_700161,214.29999999999998,0.0,0.0,0.0,0.0,0.0,0.0,0.0,0.0
bus_701721_WIND,wind,bus_701721,1924.9,0.0,0.0,0.0,0.0,0.0,0.0,0.0,0.0
bus_740011_WIND,wind,bus_740011,243.0,0.0,0.0,0.0,0.0,0.0,0.0,0.0,0.0
bus_741041_WIND,wind,bus_741041,438.6,0.0,0.0,0.0,0.0,0.0,0.0,0.0,0.0
bus_741321_WIND,wind,bus_741321,154.0,0.0,0.0,0.0,0.0,0.0,0.0,0.0,0.0
bus_742351_WIND,wind,bus_742351,7.5,0.0,0.0,0.0,0.0,0.0,0.0,0.0,0.0
bus_770011_WIND,wind,bus_770011,30.0,0.0,0.0,0.0,0.0,0.0,0.0,0.0,0.0
bus_771731_WIND,wind,bus_771731,1441.5,0.0,0.0,0.0,0.0,0.0,0.0,0.0,0.0
bus_800071_WIND,wind,bus_800071,50.4,0.0,0.0,0.0,0.0,0.0,0.0,0.0,0.0
bus_100221_HYDRO,hydro,bus_100221,140.6,0.0,0.0,1.0,1.0,1.0,140.6,0.0,0.0
bus_100351_HYDRO,hydro,bus_100351,162.0,0.0,0.0,1.0,1.0,1.0,162.0,0.0,0.0
bus_100931_HYDRO,hydro,bus_100931,1757.5,0.0,0.0,1.0,1.0,1.0,1757.5,0.0,0.0
bus_102281_HYDRO,hydro,bus_102281,239.8,0.0,0.0,1.0,1.0,1.0,239.8,0.0,0.0
bus_103441_HYDRO,hydro,bus_103441,588.3,0.0,0.0,1.0,1.0,1.0,588.3,0.0,0.0
bus_105251_HYDRO,hydro,bus_105251,956.4999999999999,0.0,0.0,1.0,1.0,1.0,956.4999999999999,0.0,0.0
bus_105581_HYDRO,hydro,bus_105581,1988.2,0.0,0.0,1.0,1.0,1.0,1988.2,0.0,0.0
bus_105701_HYDRO,hydro,bus_105701,2073.1,0.0,0.0,1.0,1.0,1.0,2073.1,0.0,0.0
bus_106001_HYDRO,hydro,bus_106001,3255.5,0.0,0.0,1.0,1.0,1.0,3255.5,0.0,0.0
bus_106771_HYDRO,hydro,bus_106771,1524.7,0.0,0.0,1.0,1.0,1.0,1524.7,0.0,0.0
bus_107501_HYDRO,hydro,bus_107501,3230.2,0.0,0.0,1.0,1.0,1.0,3230.2,0.0,0.0
bus_110161_HYDRO,hydro,bus_110161,6929.400000000001,0.0,0.0,1.0,1.0,1.0,6929.400000000001,0.0,0.0
bus_131751_HYDRO,hydro,bus_131751,624.4,0.0,0.0,1.0,1.0,1.0,624.4,0.0,0.0
bus_133661_HYDRO,hydro,bus_133661,726.6000000000001,0.0,0.0,1.0,1.0,1.0,726.6000000000001,0.0,0.0
bus_134461_HYDRO,hydro,bus_134461,1256.5,0.0,0.0,1.0,1.0,1.0,1256.5,0.0,0.0
bus_135041_HYDRO,hydro,bus_135041,4501.900000000001,0.0,0.0,1.0,1.0,1.0,4501.900000000001,0.0,0.0
bus_200261_HYDRO,hydro,bus_200261,1826.3,0.0,0.0,1.0,1.0,1.0,1826.3,0.0,0.0
bus_201361_HYDRO,hydro,bus_201361,2529.8,0.0,0.0,1.0,1.0,1.0,2529.8,0.0,0.0
bus_204901_HYDRO,hydro,bus_204901,5.0,0.0,0.0,1.0,1.0,1.0,5.0,0.0,0.0
bus_230541_HYDRO,hydro,bus_230541,774.8,0.0,0.0,1.0,1.0,1.0,774.8,0.0,0.0
bus_230601_HYDRO,hydro,bus_230601,655.5,0.0,0.0,1.0,1.0,1.0,655.5,0.0,0.0
bus_232301_HYDRO,hydro,bus_232301,1556.9999999999998,0.0,0.0,1.0,1.0,1.0,1556.9999999999998,0.0,0.0
bus_261161_HYDRO,hydro,bus_261161,44.0,0.0,0.0,1.0,1.0,1.0,44.0,0.0,0.0
bus_284011_HYDRO,hydro,bus_284011,32.7,0.0,0.0,1.0,1.0,1.0,32.7,0.0,0.0
bus_300011_HYDRO,hydro,bus_300011,807.4000000000001,0.0,0.0,1.0,1.0,1.0,807.4000000000001,0.0,0.0
bus_302201_HYDRO,hydro,bus_302201,2078.8,0.0,0.0,1.0,1.0,1.0,2078.8,0.0,0.0
bus_400011_HYDRO,hydro,bus_400011,41.199999999999996,0.0,0.0,1.0,1.0,1.0,41.199999999999996,0.0,0.0
bus_400041_HYDRO,hydro,bus_400041,38.7,0.0,0.0,1.0,1.0,1.0,38.7,0.0,0.0
bus_400061_HYDRO,hydro,bus_400061,139.5,0.0,0.0,1.0,1.0,1.0,139.5,0.0,0.0
bus_400081_HYDRO,hydro,bus_400081,254.8,0.0,0.0,1.0,1.0,1.0,254.8,0.0,0.0
bus_407871_HYDRO,hydro,bus_407871,1312.0,0.0,0.0,1.0,1.0,1.0,1312.0,0.0,0.0
bus_500071_HYDRO,hydro,bus_500071,93.80000000000001,0.0,0.0,1.0,1.0,1.0,93.80000000000001,0.0,0.0
bus_500991_HYDRO,hydro,bus_500991,4.4,0.0,0.0,1.0,1.0,1.0,4.4,0.0,0.0
bus_501961_HYDRO,hydro,bus_501961,227.6,0.0,0.0,1.0,1.0,1.0,227.6,0.0,0.0
bus_503161_HYDRO,hydro,bus_503161,10.0,0.0,0.0,1.0,1.0,1.0,10.0,0.0,0.0
bus_530021_HYDRO,hydro,bus_530021,23.6,0.0,0.0,1.0,1.0,1.0,23.6,0.0,0.0
bus_532171_HYDRO,hydro,bus_532171,30.0,0.0,0.0,1.0,1.0,1.0,30.0,0.0,0.0
bus_600001_HYDRO,hydro,bus_600001,12.6,0.0,0.0,1.0,1.0,1.0,12.6,0.0,0.0
bus_600031_HYDRO,hydro,bus_600031,317.5,0.0,0.0,1.0,1.0,1.0,317.5,0.0,0.0
bus_601941_HYDRO,hydro,bus_601941,128.3,0.0,0.0,1.0,1.0,1.0,128.3,0.0,0.0
bus_605141_HYDRO,hydro,bus_605141,30.700000000000003,0.0,0.0,1.0,1.0,1.0,30.700000000000003,0.0,0.0
bus_606631_HYDRO,hydro,bus_606631,0.6,0.0,0.0,1.0,1.0,1.0,0.6,0.0,0.0
bus_700001_HYDRO,hydro,bus_700001,199.8,0.0,0.0,1.0,1.0,1.0,199.8,0.0,0.0
bus_700161_HYDRO,hydro,bus_700161,45.5,0.0,0.0,1.0,1.0,1.0,45.5,0.0,0.0
bus_701551_HYDRO,hydro,bus_701551,239.4,0.0,0.0,1.0,1.0,1.0,239.4,0.0,0.0
bus_701721_HYDRO,hydro,bus_701721,152.6,0.0,0.0,1.0,1.0,1.0,152.6,0.0,0.0
bus_740011_HYDRO,hydro,bus_740011,209.10000000000002,0.0,0.0,1.0,1.0,1.0,209.10000000000002,0.0,0.0
bus_740531_HYDRO,hydro,bus_740531,1250.6,0.0,0.0,1.0,1.0,1.0,1250.6,0.0,0.0
bus_741041_HYDRO,hydro,bus_741041,342.8,0.0,0.0,1.0,1.0,1.0,342.8,0.0,0.0
bus_741321_HYDRO,hydro,bus_741321,503.5,0.0,0.0,1.0,1.0,1.0,503.5,0.0,0.0
bus_742351_HYDRO,hydro,bus_742351,932.8,0.0,0.0,1.0,1.0,1.0,932.8,0.0,0.0
bus_771731_HYDRO,hydro,bus_771731,953.0,0.0,0.0,1.0,1.0,1.0,953.0,0.0,0.0
bus_772611_HYDRO,hydro,bus_772611,268.8,0.0,0.0,1.0,1.0,1.0,268.8,0.0,0.0
bus_800071_HYDRO,hydro,bus_800071,27.9,0.0,0.0,1.0,1.0,1.0,27.9,0.0,0.0
